experiment,rep,order,engine,mode,workers,resp_size,max_batch,handler_work,conns,status,rps,duration_s,requests,lat_p50_ms,lat_p75_ms,lat_p90_ms,lat_p99_ms,lat_avg_ms,transfer_mb_s,socket_errors,non_2xx,client_cpu_pct,client_steal_pct,server_cpu_pct,server_steal_pct,server_max_core_pct,srv_requests,srv_syscalls,srv_enters,srv_completions,srv_waits,srv_handler_errors,srv_handler_calls,srv_gil_hold_ns,srv_gil_wait_ns,srv_gil_acquires,srv_gil_releases,srv_cpu_ns,srv_nvcsw,srv_nivcsw,srv_python,srv_gil,note,srv_gil_switches
app,1,1,asyncio-proto-app,thread,1,13,0,0,400,ok,78348.23,20.02,1568570,5.03,5.16,5.26,9.78,5.1,8.52,0,0,20.546885076744488,0.0,27.712629734465562,0.0,98.28599412340843,,,,,,,,,,,,25125506424,129,184,3.14.7,on,,5
app,1,2,uringpy-app,thread,2,13,0,0,400,ok,182984.15,20.1,3677918,2.15,2.27,2.39,2.64,2.18,19.89,0,0,47.78673279603224,0.0,56.354679802955665,0.0,78.45420857596612,4586406,51271,50468,9174418,50468,0,4586406,0,0,4586406,,49431626065,151302,167,3.14.7,on,,94103
app,1,3,c-epoll-app-batch,thread,4,13,0,0,400,ok,265089.74,20.1,5328221,1.32,1.55,2.37,2.98,1.49,28.82,0,0,70.28289972215205,0.0,95.67984334842737,0.0,96.77734375,6661057,13415080,,,89660,0,6661057,0,0,89251,,96811212624,45956,1515,3.14.7,on,,87636
app,1,4,uvloop-proto-app,thread,1,13,0,0,400,ok,78938.01,20.02,1580311,5.01,5.09,5.22,74.02,8.33,8.58,0,0,23.452002542911632,0.0,27.58986602997745,0.0,96.95357833655706,,,,,,,,,,,,25146551268,148,111,3.14.7,on,,5
app,1,5,c-epoll-app,thread,2,13,0,0,400,ok,118273.45,20.1,2377261,3.14,3.3,4.69,6.42,3.37,12.86,0,0,35.356166994979986,0.0,50.110497237569064,0.0,80.56872037914692,2958938,5941196,,,20065,0,2958938,0,0,2958938,,44822435761,485839,199,3.14.7,on,,2007357
app,1,6,uringpy-app-batch,thread,1,13,0,0,400,ok,115303.87,20.01,2307525,3.46,3.52,3.59,3.72,3.84,12.54,0,0,29.63847846589123,0.0,28.892612763580505,0.0,98.14180929095355,2901521,15784,14981,5804648,14981,0,2901521,0,0,14721,,25158628257,177,190,3.14.7,on,,7
app,1,7,c-epoll-app-batch,thread,2,13,0,0,400,ok,180494.39,20.1,3627885,2.09,2.18,2.38,4.28,2.2,19.62,0,0,49.33511484379971,0.0,56.94716242661448,0.0,97.1566265060241,4519025,9070482,,,29180,0,4519025,0,0,29042,,49587467967,11101,182,3.14.7,on,,26923
app,1,8,uringpy-app,thread,1,13,0,0,400,ok,113977.99,20.01,2280994,3.51,3.56,3.61,3.74,3.89,12.39,0,0,30.72007086813465,0.0,28.978622327790973,0.0,98.18805093046034,2850128,15526,14723,5701862,14723,0,2850128,0,0,2850128,,25162632711,149,139,3.14.7,on,,7
app,1,9,asyncio-app,thread,4,13,0,0,400,ok,29812.85,20.02,596722,13.23,14.56,15.93,18.31,13.4,3.24,0,0,11.224041658824268,0.0,41.97548063527445,0.0,43.25374791782343,,,,,,,,,,,,38687563425,2143474,361,3.14.7,on,,752315
app,1,10,uringpy-app-batch,thread,2,13,0,0,400,ok,193676.19,20.1,3892811,2.02,2.16,2.3,2.48,2.07,21.06,0,0,50.07545271629779,0.0,56.777422494091475,0.0,96.57335907335907,4880465,55086,54283,9762536,54283,0,4880465,0,0,52594,,49837321328,8586,169,3.14.7,on,,40275
app,1,11,uvloop-proto-app,thread,2,13,0,0,400,ok,66002.93,20.01,1320723,5.8,6.75,7.89,13.56,7.05,7.18,0,0,21.47088479959667,0.0,37.71020179372197,0.0,61.42938173567782,,,,,,,,,,,,35383414251,1393619,82,3.14.7,on,,142589
app,1,12,asyncio-app,thread,2,13,0,0,400,ok,40652.52,20.01,813620,9.78,10.2,10.57,12.06,9.83,4.42,0,0,14.57078313253012,0.0,37.172631290278346,0.0,62.365591397849464,,,,,,,,,,,,36115068553,1229575,105,3.14.7,on,,1007659
app,1,13,uringpy-app,thread,4,13,0,0,400,ok,201934.85,20.1,4058854,1.89,2.29,2.67,3.39,1.96,21.95,0,0,50.17835909631391,0.0,84.3490663900415,0.0,85.92057761732852,5081605,109578,108775,10164816,108775,0,5081605,0,0,5081605,,81504811175,1480763,944,3.14.7,on,,398933
app,1,14,uvloop-proto-app,thread,4,13,0,0,400,ok,30449.49,20.02,609572,12.53,15.05,18.04,32.51,13.69,3.31,0,0,11.852826877272157,0.0,36.11431870669746,0.0,36.89655172413793,,,,,,,,,,,,34077026741,2902361,295,3.14.7,on,,232745
app,1,15,c-epoll-app-batch,thread,1,13,0,0,400,ok,111387.51,20.02,2229736,3.52,3.59,3.68,7.02,3.58,12.11,0,0,30.528662420382165,0.0,29.327126534066863,0.0,98.14090019569471,2770317,5551168,,,7302,0,2770317,0,0,7256,,25083207477,190,115,3.14.7,on,,5
app,1,16,uringpy-app-batch,thread,4,13,0,0,400,ok,269807.44,20.1,5423077,1.42,1.6,1.78,2.1,1.46,29.33,0,0,68.4932360825385,0.0,93.55464017446087,0.0,93.76208897485493,6783841,143569,142766,13569288,142766,0,6783841,0,0,141309,,94088115430,79071,1242,3.14.7,on,,140803
app,1,17,asyncio-proto-app,thread,2,13,0,0,400,ok,66473.42,20.02,1330490,5.9,6.18,6.43,11.6,6.01,7.23,0,0,21.584145878181587,0.0,43.34906970286032,0.0,80.97369893676553,,,,,,,,,,,,40327874621,1119709,128,3.14.7,on,,1441538
app,1,18,c-epoll-app,thread,4,13,0,0,400,ok,70292.27,20.01,1406531,5.48,6.22,7.18,11.28,5.7,7.64,0,0,23.032385315263728,0.0,57.79882336059693,0.0,58.911174785100286,1808571,3640344,,,19899,0,1808571,0,0,1808571,,51906376551,2552250,594,3.14.7,on,,1633776
app,1,19,asyncio-proto-app,thread,4,13,0,0,400,ok,39998.99,20.01,800406,9.94,10.81,11.56,16.8,10.0,4.35,0,0,15.048786589942457,0.0,49.39068100358423,0.0,49.62665134979897,,,,,,,,,,,,45272357700,3085163,818,3.14.7,on,,1099492
app,1,20,asyncio-app,thread,1,13,0,0,400,ok,59224.93,20.02,1185500,6.77,6.9,6.97,7.13,6.74,6.44,0,0,17.195716910600012,0.0,27.05307631370478,0.0,98.23615874571288,,,,,,,,,,,,25132893203,145,135,3.14.7,on,,5
app,1,21,c-epoll-app,thread,1,13,0,0,400,ok,96157.93,20.02,1924739,4.1,4.16,4.25,8.13,4.15,10.45,0,0,24.859921427191345,0.0,28.400495117590427,0.0,98.5798237022527,2401092,4811589,,,6181,0,2401092,0,0,2401092,,25092289169,161,170,3.14.7,on,,5
app,2,22,asyncio-proto-app,thread,2,13,0,0,400,ok,67480.39,20.02,1350731,5.85,6.44,6.71,10.78,5.93,7.34,0,0,21.989329268292682,0.0,43.05879128408935,0.0,73.55689939527213,,,,,,,,,,,,40348868244,1118241,116,3.14.7,on,,1477053
app,2,23,c-epoll-app,thread,1,13,0,0,400,ok,97792.13,20.02,1957531,4.02,4.09,4.21,7.94,4.08,10.63,0,0,28.91466445733223,0.0,28.670648701208503,0.0,98.13816756491916,2441170,4891841,,,6269,0,2441170,0,0,2441170,,25075334179,174,164,3.14.7,on,,7
app,2,24,uvloop-proto-app,thread,4,13,0,0,400,ok,30370.05,20.02,607935,12.62,15.24,18.19,32.14,14.71,3.3,0,0,11.88557866466804,0.0,36.59617033438125,0.0,37.48564867967853,,,,,,,,,,,,34036242763,2898870,295,3.14.7,on,,236556
app,2,25,uringpy-app,thread,1,13,0,0,400,ok,109443.99,20.01,2190259,3.61,3.73,3.95,4.15,4.05,11.9,0,0,30.805898055167155,0.0,28.833172613307617,0.0,96.90671822136298,2748802,15014,14211,5499210,14211,0,2748802,0,0,2748802,,25156646690,158,139,3.14.7,on,,5
app,2,26,uringpy-app,thread,2,13,0,0,400,ok,180747.93,20.1,3632998,2.16,2.3,2.45,2.76,2.2,19.65,0,0,47.59146149486808,0.0,56.69724770642202,0.0,89.20163766632548,4551121,51535,50732,9103848,50732,0,4551121,0,0,4551121,,49707784393,128001,190,3.14.7,on,,87029
app,2,27,c-epoll-app-batch,thread,1,13,0,0,400,ok,111553.95,20.01,2232610,3.52,3.57,3.63,7.01,3.58,12.13,0,0,31.559808612440193,0.0,29.401781926177343,0.0,98.53157121879589,2807227,5625021,,,7332,0,2807227,0,0,7280,,25165576541,173,142,3.14.7,on,,5
app,2,28,asyncio-app,thread,4,13,0,0,400,ok,31529.33,20.01,630952,12.59,13.45,14.27,15.81,12.67,3.43,0,0,12.250658637561159,0.0,42.401215805471125,0.0,43.7089715536105,,,,,,,,,,,,39258109075,2265174,594,3.14.7,on,,824607
app,2,29,asyncio-proto-app,thread,4,13,0,0,400,ok,40352.83,20.01,807496,9.49,11.02,12.14,16.63,9.92,4.39,0,0,14.861809045226131,0.0,50.65635939323221,0.0,51.28654970760234,,,,,,,,,,,,45794571220,3142031,743,3.14.7,on,,1132587
app,2,30,c-epoll-app,thread,4,13,0,0,400,ok,73778.34,20.1,1482925,5.24,5.77,6.53,10.74,5.4,8.02,0,0,24.41124335274753,0.0,60.21903000995591,0.0,61.853325753268905,1871483,3767676,,,21403,0,1871483,0,0,1871483,,53618989894,2628638,507,3.14.7,on,,1707158
app,2,31,asyncio-app,thread,2,13,0,0,400,ok,40454.07,20.01,809601,9.8,10.03,10.27,15.01,9.88,4.4,0,0,14.830402010050252,0.0,37.24427584338166,0.0,40.81521739130435,,,,,,,,,,,,36250923070,1217655,130,3.14.7,on,,998020
app,2,32,uringpy-app-batch,thread,1,13,0,0,400,ok,117548.59,20.1,2362674,3.37,3.44,3.62,3.84,3.74,12.78,0,0,31.05105479965048,0.0,29.254945980075767,0.0,98.24561403508773,2930502,16050,15247,5862610,15247,0,2930502,0,0,14988,,25249528596,140,201,3.14.7,on,,5
app,2,33,uringpy-app-batch,thread,4,13,0,0,400,ok,269683.32,20.1,5420571,1.45,1.59,1.72,2.0,1.46,29.32,0,0,67.57059335738276,0.0,93.96805896805897,0.0,95.38763493621197,6776647,147354,146551,13554900,146551,0,6776647,0,0,142682,,93403546368,82004,1194,3.14.7,on,,141688
app,2,34,c-epoll-app-batch,thread,2,13,0,0,400,ok,176361.37,20.1,3544850,2.13,2.26,2.44,4.38,2.25,19.17,0,0,48.82022471910113,0.0,57.23128868880135,0.0,98.00097513408093,4446570,8924524,,,28136,0,4446570,0,0,27724,,49776542459,10335,219,3.14.7,on,,26402
app,2,35,asyncio-proto-app,thread,1,13,0,0,400,ok,78546.35,20.01,1571998,5.02,5.08,5.14,10.0,5.08,8.54,0,0,23.066632692062683,0.0,27.81081081081081,0.0,98.13999021047479,,,,,,,,,,,,25122085925,137,130,3.14.7,on,,5
app,2,36,uvloop-proto-app,thread,1,13,0,0,400,ok,80803.25,20.02,1617956,4.89,4.95,5.03,11.78,7.52,8.78,0,0,24.210926606667513,0.0,27.84,0.0,98.5024154589372,,,,,,,,,,,,25141246016,161,110,3.14.7,on,,7
app,2,37,c-epoll-app,thread,2,13,0,0,400,ok,124918.74,20.1,2510827,3.12,3.44,3.67,6.61,3.19,13.58,0,0,38.337698843672136,0.0,50.91863517060367,0.0,75.41599570585078,3155697,6338429,,,23779,0,3155697,0,0,3155697,,45570354836,420771,168,3.14.7,on,,2146874
app,2,38,uringpy-app,thread,4,13,0,0,400,ok,208691.72,20.1,4194656,1.83,2.21,2.56,3.23,1.89,22.69,0,0,51.21268656716418,0.0,85.21313211543553,0.0,86.08603292618163,5258902,115455,114652,10519410,114652,0,5258902,0,0,5258902,,81209963890,1581876,1078,3.14.7,on,,435028
app,2,39,uringpy-app-batch,thread,2,13,0,0,400,ok,182243.95,20.1,3662995,2.15,2.28,2.45,2.71,2.19,19.81,0,0,47.89020385401822,0.0,57.39980172780059,0.0,79.24528301886792,4604740,52217,51414,9211086,51414,0,4604740,0,0,49789,,49501697958,11882,206,3.14.7,on,,38999
app,2,40,uvloop-proto-app,thread,2,13,0,0,400,ok,65537.31,20.01,1311702,5.85,6.8,7.89,13.85,7.16,7.13,0,0,21.21654192566282,0.0,37.64738910724312,0.0,45.98540145985402,,,,,,,,,,,,35297180487,1368399,102,3.14.7,on,,144953
app,2,41,c-epoll-app-batch,thread,4,13,0,0,400,ok,259190.6,20.1,5209693,1.38,1.56,2.44,3.03,1.52,28.18,0,0,68.88087556146012,0.0,95.14997581035317,0.0,95.54695062923524,6518751,13126356,,,85556,0,6518751,0,0,84943,,97057701404,43523,1496,3.14.7,on,,83866
app,2,42,asyncio-app,thread,1,13,0,0,400,ok,55460.21,20.02,1110075,7.21,7.29,7.36,7.5,7.2,6.03,0,0,16.492627048920955,0.0,26.880168001050006,0.0,98.18893783651492,,,,,,,,,,,,25140931608,140,129,3.14.7,on,,5
app,3,43,asyncio-proto-app,thread,1,13,0,0,400,ok,77851.37,20.02,1558318,5.07,5.13,5.2,10.07,5.13,8.46,0,0,20.73964306423555,0.0,27.75151924375422,0.0,98.18805093046034,,,,,,,,,,,,25214402046,142,138,3.14.7,on,,5
app,3,44,uringpy-app-batch,thread,4,13,0,0,400,ok,255187.77,20.1,5129217,1.53,1.66,1.8,2.16,1.54,27.74,0,0,64.53998495863625,0.0,93.86369148678148,0.0,95.20348837209302,6401198,138808,138005,12804002,138005,0,6401198,0,0,134885,,94408067544,73018,1270,3.14.7,on,,134025
app,3,45,c-epoll-app,thread,1,13,0,0,400,ok,97671.67,20.02,1955637,4.03,4.12,4.2,7.97,4.09,10.62,0,0,29.64290285421733,0.0,28.46705266060105,0.0,98.48336594911937,2434158,4878296,,,6740,0,2434158,0,0,2434158,,25182932324,155,177,3.14.7,on,,5
app,3,46,c-epoll-app-batch,thread,4,13,0,0,400,ok,265473.25,20.01,5312816,1.34,1.53,2.39,2.96,1.49,28.86,0,0,70.42378241619228,0.0,96.0,0.0,96.60600098376783,6644912,13377296,,,84165,0,6644912,0,0,83533,,96649730528,40976,1415,3.14.7,on,,82708
app,3,47,uvloop-proto-app,thread,1,13,0,0,400,ok,81962.42,20.01,1640448,4.79,4.92,5.01,55.52,7.87,8.91,0,0,24.987254652052002,0.0,27.798557306973017,0.0,97.00193423597679,,,,,,,,,,,,25220447425,167,98,3.14.7,on,,5
app,3,48,uringpy-app-batch,thread,2,13,0,0,400,ok,192433.48,20.1,3867836,2.06,2.13,2.19,2.32,2.07,20.92,0,0,49.321608040201006,0.0,56.798986486486484,0.0,97.8515625,4828733,58090,57287,9659072,57287,0,4828733,0,0,54455,,49459110172,14658,193,3.14.7,on,,33104
app,3,49,uringpy-app,thread,2,13,0,0,400,ok,187717.28,20.1,3773081,2.1,2.24,2.38,2.65,2.13,20.41,0,0,48.34812157825184,0.0,56.7827810818465,0.0,97.62022806147745,4657191,48855,48052,9315988,48052,0,4657191,0,0,4657191,,49427639790,158282,195,3.14.7,on,,101261
app,3,50,uringpy-app,thread,1,13,0,0,400,ok,117275.58,20.02,2347456,3.4,3.49,3.55,3.7,3.73,12.75,0,0,32.50537226646442,0.0,29.066223330562483,0.0,97.00048379293662,2929031,15927,15124,5859668,15124,0,2929031,0,0,2929031,,25159769074,149,137,3.14.7,on,,5
app,3,51,c-epoll-app,thread,4,13,0,0,400,ok,81760.41,20.01,1635916,4.72,5.2,5.64,9.83,4.89,8.89,0,0,27.37237907080492,0.0,61.88750362423891,0.0,62.47838616714697,2052060,4130541,,,23100,0,2052060,0,0,2052060,,54949177145,2808536,1002,3.14.7,on,,1891282
app,3,52,c-epoll-app-batch,thread,1,13,0,0,400,ok,114226.5,20.02,2286419,3.42,3.52,3.59,6.8,3.49,12.42,0,0,31.922240695741145,0.0,29.473534837519512,0.0,98.67647058823529,2829774,5670286,,,7500,0,2829774,0,0,7437,,25078120264,167,153,3.14.7,on,,7
app,3,53,asyncio-proto-app,thread,4,13,0,0,400,ok,40161.65,20.01,803787,9.9,10.67,11.54,16.82,9.96,4.37,0,0,15.281096717394039,0.0,49.34952298352125,0.0,50.43427909669948,,,,,,,,,,,,45669610675,3148782,881,3.14.7,on,,1129799
app,3,54,uringpy-app,thread,4,13,0,0,400,ok,211831.08,20.1,4257749,1.8,2.18,2.56,3.26,1.86,23.03,0,0,52.21791828064476,0.0,85.41501976284584,0.0,86.05996843766438,5296280,119474,118671,10594166,118671,0,5296280,0,0,5296280,,81235550347,1532401,1232,3.14.7,on,,417989
app,3,55,c-epoll-app-batch,thread,2,13,0,0,400,ok,180064.16,20.1,3619248,2.16,2.35,2.53,4.65,2.21,19.58,0,0,51.77577270109426,0.0,57.072622559348225,0.0,97.1205466081015,4544541,9125489,,,33149,0,4544541,0,0,32689,,49852435676,9530,181,3.14.7,on,,27466
app,3,56,asyncio-app,thread,1,13,0,0,400,ok,58961.83,20.01,1180063,6.75,6.93,7.04,7.21,6.77,6.41,0,0,17.30055950210599,0.0,27.005664602819127,0.0,98.23615874571288,,,,,,,,,,,,25138999226,119,188,3.14.7,on,,5
app,3,57,uvloop-proto-app,thread,4,13,0,0,400,ok,30887.11,20.02,618232,12.48,15.11,18.03,31.14,14.28,3.36,0,0,12.273212379935966,0.0,35.610885929357266,0.0,37.21869590305828,,,,,,,,,,,,33985801097,2947142,203,3.14.7,on,,237860
app,3,58,uvloop-proto-app,thread,2,13,0,0,400,ok,68507.4,20.02,1371425,5.58,6.5,7.61,12.94,6.62,7.45,0,0,22.903756165423044,0.0,37.41326672217596,0.0,50.27964205816555,,,,,,,,,,,,35402669168,1438828,117,3.14.7,on,,144601
app,3,59,asyncio-proto-app,thread,2,13,0,0,400,ok,64027.84,20.01,1281292,5.81,6.22,8.53,11.42,6.25,6.96,0,0,20.683935179277785,0.0,42.479476833171006,0.0,54.38401775804662,,,,,,,,,,,,40170695294,1163876,107,3.14.7,on,,1425190
app,3,60,asyncio-app,thread,2,13,0,0,400,ok,40198.53,20.1,807815,9.88,10.4,10.76,11.43,9.91,4.37,0,0,14.87603305785124,0.0,37.06179238848725,0.0,58.408071748878925,,,,,,,,,,,,36232320723,1241677,100,3.14.7,on,,1033897
app,3,61,asyncio-app,thread,4,13,0,0,400,ok,27719.22,20.01,554703,14.46,15.55,16.52,18.43,14.42,3.01,0,0,10.823055625471936,0.0,40.291128810766274,0.0,44.04173531026908,,,,,,,,,,,,38277750042,2073457,306,3.14.7,on,,701540
app,3,62,c-epoll-app,thread,2,13,0,0,400,ok,123197.96,20.1,2476229,3.14,3.31,3.48,6.45,3.23,13.39,0,0,38.279556179058794,0.0,50.739052355297694,0.0,90.53497942386831,3082903,6191959,,,22906,0,3082903,0,0,3082903,,45254887773,460945,161,3.14.7,on,,2108455
app,3,63,uringpy-app-batch,thread,1,13,0,0,400,ok,118075.99,20.02,2363741,3.38,3.46,3.54,3.68,3.69,12.84,0,0,31.965032307107563,0.0,29.034521470670782,0.0,98.09010773751224,2937530,15960,15157,5876666,15157,0,2937530,0,0,14901,,25164421022,145,207,3.14.7,on,,7
app,4,64,uvloop-proto-app,thread,4,13,0,0,400,ok,30585.06,20.02,612396,12.42,15.3,18.83,41.24,14.64,3.33,0,0,11.93114241001565,0.0,35.62562419746041,0.0,37.72831050228311,,,,,,,,,,,,34011256306,2914143,214,3.14.7,on,,236382
app,4,65,asyncio-app,thread,2,13,0,0,400,ok,41857.99,20.01,837738,9.41,9.82,10.24,14.49,9.54,4.55,0,0,15.042573320719017,0.0,37.30377306527127,0.0,53.759820426487096,,,,,,,,,,,,36186169397,1249718,92,3.14.7,on,,1003060
app,4,66,uringpy-app,thread,1,13,0,0,400,ok,117595.78,20.02,2354461,3.39,3.48,3.55,3.68,3.51,12.78,0,0,31.439969604863222,0.0,29.25868617245745,0.0,98.48262359275576,2932409,16056,15253,5866424,15253,0,2932409,0,0,2932409,,25167365459,145,190,3.14.7,on,,7
app,4,67,asyncio-proto-app,thread,2,13,0,0,400,ok,67113.51,20.02,1343664,5.76,6.11,6.46,11.24,5.96,7.3,0,0,20.046424656650977,0.0,42.83755997258396,0.0,69.98350742166025,,,,,,,,,,,,40494351695,1138916,106,3.14.7,on,,1490544
app,4,68,asyncio-proto-app,thread,4,13,0,0,400,ok,39710.83,20.01,794714,10.23,11.12,12.09,15.36,10.07,4.32,0,0,14.746543778801843,0.0,48.75110196885101,0.0,49.734826163818504,,,,,,,,,,,,44959798124,3030349,606,3.14.7,on,,1074192
app,4,69,c-epoll-app,thread,1,13,0,0,400,ok,96304.03,20.02,1927779,4.08,4.2,4.31,8.03,4.14,10.47,0,0,27.436243335260485,0.0,28.355127322780454,0.0,98.5798237022527,2452591,4914718,,,6304,0,2452591,0,0,2452591,,25088417597,153,105,3.14.7,on,,7
app,4,70,uringpy-app-batch,thread,2,13,0,0,400,ok,196453.98,20.1,3948648,2.01,2.09,2.17,2.4,2.05,21.36,0,0,50.949246930768254,0.0,57.314853702925944,0.0,77.13398861872737,4933093,55306,54503,9867792,54503,0,4933093,0,0,52930,,49855555567,9662,202,3.14.7,on,,46460
app,4,71,c-epoll-app,thread,4,13,0,0,400,ok,79210.72,20.01,1584909,4.87,5.27,5.72,9.95,5.05,8.61,0,0,25.713191652307103,0.0,61.144358487812,0.0,61.44859813084112,1987668,4002420,,,23782,0,1987668,0,0,1987668,,54502350868,2774967,799,3.14.7,on,,1827795
app,4,72,c-epoll-app,thread,2,13,0,0,400,ok,127912.83,20.1,2571018,3.02,3.22,3.42,6.26,3.11,13.91,0,0,38.912,0.0,51.177937915742795,0.0,59.05932656333511,3217948,6459980,,,20839,0,3217948,0,0,3217948,,45490286457,433851,179,3.14.7,on,,2201325
app,4,73,asyncio-app,thread,1,13,0,0,400,ok,59136.71,20.01,1183542,6.8,6.88,6.96,7.11,6.75,6.43,0,0,17.429912469871876,0.0,27.06296441141963,0.0,96.95505074915418,,,,,,,,,,,,25221098715,142,144,3.14.7,on,,7
app,4,74,c-epoll-app-batch,thread,1,13,0,0,400,ok,111899.19,20.02,2240499,3.5,3.59,3.7,6.94,3.56,12.17,0,0,30.847522724363078,0.0,29.233159158310972,0.0,98.5798237022527,2800095,5610889,,,7465,0,2800095,0,0,7407,,25092001938,209,221,3.14.7,on,,5
app,4,75,c-epoll-app-batch,thread,2,13,0,0,400,ok,175981.31,20.1,3537162,2.13,2.26,2.54,4.39,2.26,19.13,0,0,48.983610722906874,0.0,56.697994108570626,0.0,98.2439024390244,4440387,8909037,,,25006,0,4440387,0,0,24658,,49643009604,8378,230,3.14.7,on,,23980
app,4,76,uringpy-app-batch,thread,4,13,0,0,400,ok,269766.85,20.02,5399773,1.45,1.57,1.7,2.03,1.46,29.33,0,0,67.90462517945197,0.0,93.63282201120039,0.0,94.68810916179338,6709892,139585,138782,13421390,138782,0,6709892,0,0,137430,,93861761315,73570,1134,3.14.7,on,,136838
app,4,77,asyncio-proto-app,thread,1,13,0,0,400,ok,79438.42,20.02,1590325,4.97,5.07,5.14,9.78,5.03,8.64,0,0,20.738837134596853,0.0,27.84090909090909,0.0,98.23788546255507,,,,,,,,,,,,25128570320,136,124,3.14.7,on,,5
app,4,78,c-epoll-app-batch,thread,4,13,0,0,400,ok,266931.81,20.09,5362796,1.31,1.48,2.4,2.87,1.48,29.02,0,0,70.6526527786519,0.0,96.41195199608131,0.0,96.81059862610402,6684570,13460768,,,88322,0,6684570,0,0,87857,,97621692472,40957,1423,3.14.7,on,,86761
app,4,79,uvloop-proto-app,thread,2,13,0,0,400,ok,67731.15,20.02,1356212,5.66,6.61,7.73,13.23,6.83,7.36,0,0,22.375725460509713,0.0,37.65372391875086,0.0,46.458449525934185,,,,,,,,,,,,35449871849,1412772,87,3.14.7,on,,144453
app,4,80,uringpy-app,thread,4,13,0,0,400,ok,209904.71,20.1,4219044,1.82,2.19,2.55,3.27,1.88,22.82,0,0,50.993625796775405,0.0,85.66916699565732,0.0,86.82008368200837,5277744,113537,112734,10557094,112734,0,5277744,0,0,5277744,,81865061207,1485686,995,3.14.7,on,,408389
app,4,81,uvloop-proto-app,thread,1,13,0,0,400,ok,80310.42,20.1,1614211,4.88,5.15,5.28,43.4,7.8,8.73,0,0,24.47689487325368,0.0,28.248433669299917,0.0,98.53801169590643,,,,,,,,,,,,25218910936,129,177,3.14.7,on,,5
app,4,82,asyncio-app,thread,4,13,0,0,400,ok,29836.14,20.01,597131,13.33,14.79,16.3,18.49,13.39,3.24,0,0,11.441130298273155,0.0,41.054379410543795,0.0,43.50721420643729,,,,,,,,,,,,38534231014,2160737,483,3.14.7,on,,752098
app,4,83,uringpy-app,thread,2,13,0,0,400,ok,183590.36,20.01,3673602,2.15,2.24,2.34,2.55,2.18,19.96,0,0,48.71713852376138,0.0,56.39551192145863,0.0,97.77117384843982,4607319,48262,47459,9216244,47459,0,4607319,0,0,4607319,,49703812943,107630,209,3.14.7,on,,86534
app,4,84,uringpy-app-batch,thread,1,13,0,0,400,ok,117825.75,20.02,2359411,3.39,3.47,3.55,3.77,3.58,12.81,0,0,31.47926760208897,0.0,29.117481731309724,0.0,98.53228962818004,2952938,16077,15274,5907482,15274,0,2952938,0,0,15001,,25170841176,154,114,3.14.7,on,,5
app,5,85,c-epoll-app-batch,thread,4,13,0,0,400,ok,262395.8,20.02,5253255,1.34,1.53,2.44,2.98,1.51,28.53,0,0,69.59442332065906,0.0,95.11661807580175,0.0,95.91041869522883,6549241,13179180,,,77381,0,6549241,0,0,76846,,96587647046,35522,1460,3.14.7,on,,76771
app,5,86,uringpy-app-batch,thread,2,13,0,0,400,ok,184140.11,20.1,3701123,2.14,2.27,2.45,2.83,2.17,20.02,0,0,47.323501725760906,0.0,55.94873223739203,0.0,97.45969711773327,4699515,49542,48739,9400636,48739,0,4699515,0,0,48331,,49444061544,12083,152,3.14.7,on,,43121
app,5,87,asyncio-app,thread,2,13,0,0,400,ok,38343.81,20.02,767453,10.13,10.41,11.52,15.17,10.42,4.17,0,0,14.111244700373346,0.0,37.02389078498293,0.0,44.62809917355372,,,,,,,,,,,,35853340403,1191819,101,3.14.7,on,,948976
app,5,88,c-epoll-app,thread,4,13,0,0,400,ok,74603.62,20.1,1499504,5.18,5.7,6.39,10.65,5.34,8.11,0,0,25.63484002031488,0.0,58.89142205756626,0.0,60.69164265129683,1879538,3783842,,,21486,0,1879538,0,0,1879538,,53412929229,2633848,867,3.14.7,on,,1715993
app,5,89,uvloop-proto-app,thread,2,13,0,0,400,ok,65476.38,20.02,1310668,5.85,6.76,7.88,13.92,7.19,7.12,0,0,21.651714703823885,0.0,37.552565180824224,0.0,49.943630214205186,,,,,,,,,,,,35175431398,1387009,97,3.14.7,on,,139840
app,5,90,c-epoll-app,thread,1,13,0,0,400,ok,95379.54,20.02,1909096,4.11,4.17,4.25,8.19,4.18,10.37,0,0,27.765222444630982,0.0,28.461007591442375,0.0,98.18805093046034,2392160,4793752,,,6200,0,2392160,0,0,2392160,,25087022444,160,106,3.14.7,on,,5
app,5,91,uringpy-app-batch,thread,1,13,0,0,400,ok,119672.18,20.01,2395161,3.33,3.38,3.43,3.55,3.58,13.01,0,0,31.375250501002004,0.0,29.15334352843042,0.0,97.29468599033817,2989074,16237,15434,5979754,15434,0,2989074,0,0,15155,,25162434687,159,143,3.14.7,on,,5
app,5,92,c-epoll-app-batch,thread,2,13,0,0,400,ok,178448.33,20.1,3586751,2.12,2.19,2.29,4.32,2.22,19.4,0,0,50.374223011543826,0.0,57.108535895986435,0.0,97.99902391410444,4461179,8954629,,,29014,0,4461179,0,0,28641,,49657637666,11257,204,3.14.7,on,,26468
app,5,93,uringpy-app,thread,1,13,0,0,400,ok,114290.01,20.02,2287789,3.46,3.53,3.62,3.9,3.61,12.43,0,0,30.87604140368594,0.0,29.018671907903972,0.0,98.08917197452229,2880732,15730,14927,5763070,14927,0,2880732,0,0,2880732,,25157789928,168,130,3.14.7,on,,7
app,5,94,asyncio-proto-app,thread,2,13,0,0,400,ok,66003.03,20.02,1321090,5.89,6.17,6.43,11.71,6.06,7.18,0,0,22.148549569652534,0.0,43.12465828321487,0.0,64.02405686167305,,,,,,,,,,,,40455259188,1135667,134,3.14.7,on,,1478241
app,5,95,c-epoll-app,thread,2,13,0,0,400,ok,109393.76,20.02,2189669,3.26,3.56,5.38,6.77,3.66,11.89,0,0,34.455179474054646,0.0,49.10104529616725,0.0,72.29693383539538,2808922,5636238,,,15140,0,2808922,0,0,2808922,,44404820271,504969,152,3.14.7,on,,1905153
app,5,96,asyncio-app,thread,4,13,0,0,400,ok,30795.69,20.01,616291,13.14,14.16,14.94,16.42,12.98,3.35,0,0,12.40480835798351,0.0,42.40940254652302,0.0,42.745535714285715,,,,,,,,,,,,39040972740,2214847,482,3.14.7,on,,802134
app,5,97,uringpy-app-batch,thread,4,13,0,0,400,ok,264646.6,20.1,5319318,1.48,1.59,1.71,1.98,1.48,28.77,0,0,66.9000991571641,0.0,93.95484340859431,0.0,95.30493707647628,6643364,146421,145618,13288334,145618,0,6643364,0,0,141112,,94704480471,75946,1355,3.14.7,on,,140143
app,5,98,uvloop-proto-app,thread,1,13,0,0,400,ok,79687.62,20.02,1595226,4.94,4.99,5.07,62.38,8.12,8.66,0,0,23.904737646459502,0.0,27.780777537796975,0.0,98.18893783651492,,,,,,,,,,,,25143469295,155,135,3.14.7,on,,5
app,5,99,uringpy-app,thread,4,13,0,0,400,ok,197273.87,20.1,3965091,1.94,2.35,2.74,3.46,2.0,21.45,0,0,48.892226811866315,0.0,84.82001058761249,0.0,85.99262769878884,4947375,108115,107312,9896356,107312,0,4947375,0,0,4947375,,80924972032,1518125,1188,3.14.7,on,,412257
app,5,100,uringpy-app,thread,2,13,0,0,400,ok,178437.33,20.1,3586526,2.21,2.42,2.59,2.84,2.24,19.4,0,0,46.73052127463621,0.0,56.28253834247925,0.0,97.08209693372898,4496222,53754,52951,8994050,52951,0,4496222,0,0,4496222,,49554446498,136361,194,3.14.7,on,,94162
app,5,101,asyncio-proto-app,thread,1,13,0,0,400,ok,77047.95,20.02,1542272,5.1,5.15,5.22,10.15,5.18,8.38,0,0,22.396667734700415,0.0,27.708249226214505,0.0,98.04496578690127,,,,,,,,,,,,25129760526,147,105,3.14.7,on,,5
app,5,102,asyncio-proto-app,thread,4,13,0,0,400,ok,38481.82,20.02,770306,10.15,10.94,11.84,18.69,10.39,4.18,0,0,14.830000630795434,0.0,48.8816070665337,0.0,49.7456189937818,,,,,,,,,,,,44847405462,2951246,691,3.14.7,on,,1054572
app,5,103,uvloop-proto-app,thread,4,13,0,0,400,ok,29895.99,20.01,598291,12.32,15.08,19.54,47.57,14.94,3.25,0,0,12.938293326630639,0.0,36.927262313860254,0.0,37.83629078420149,,,,,,,,,,,,34198013716,2816300,294,3.14.7,on,,262647
app,5,104,c-epoll-app-batch,thread,1,13,0,0,400,ok,104228.91,20.1,2094961,3.72,3.8,4.02,7.4,3.81,11.33,0,0,31.579281855735623,0.0,28.742928108182696,0.0,98.14814814814815,2639865,5291422,,,8458,0,2639865,0,0,8377,,25255550841,239,147,3.14.7,on,,5
app,5,105,asyncio-app,thread,1,13,0,0,400,ok,58264.03,20.02,1166355,6.84,6.9,6.98,7.2,6.85,6.33,0,0,17.634696217042414,0.0,27.062491879953228,0.0,97.3913043478261,,,,,,,,,,,,25222004594,151,139,3.14.7,on,,5
