experiment,rep,order,engine,mode,workers,resp_size,max_batch,handler_work,status,rps,duration_s,requests,lat_p50_ms,lat_p75_ms,lat_p90_ms,lat_p99_ms,lat_avg_ms,transfer_mb_s,socket_errors,non_2xx,client_cpu_pct,client_steal_pct,server_cpu_pct,server_steal_pct,server_max_core_pct,srv_requests,srv_syscalls,srv_enters,srv_completions,srv_waits,srv_handler_errors,srv_handler_calls,srv_gil_hold_ns,srv_gil_wait_ns,srv_cpu_ns,srv_python,srv_gil,note
handler,1,1,uringpy-app,thread,1,13,0,30,ok,89657.8,20.01,1794304,4.43,4.5,4.56,4.8,5.12,9.75,0,0,24.77664527494652,0.0,27.513368983957218,0.0,98.18982387475538,2248806,12623,11820,4499218,11820,0,2248806,9829652431,104468458,25257924952,3.14.7,off,
handler,1,2,uringpy-app,thread,2,13,0,100,ok,87289.84,20.02,1747282,4.55,4.64,4.73,4.96,4.61,9.49,0,0,24.89113284947933,0.0,52.404280005156636,0.0,98.53228962818004,2185526,23400,22597,4372658,22597,0,2185526,34654809180,128396010,50272425270,3.14.7,off,
handler,1,3,uringpy-app,thread,1,13,0,0,ok,124837.51,20.01,2498251,3.18,3.23,3.27,3.43,3.51,13.57,0,0,34.26852438252058,0.0,29.202928581295758,0.0,96.90970545630131,3100756,17539,16736,6203118,16736,0,3100756,4200804650,156594896,25257049115,3.14.7,off,
handler,1,4,uringpy-app,thread,1,13,0,100,ok,54728.16,20.02,1095809,7.27,7.34,7.42,8.05,8.97,5.95,0,0,14.772155085599195,0.0,26.533782034688066,0.0,97.99706888128969,1370010,8114,7311,2741626,7311,0,1370010,15691793453,63296865,25186542588,3.14.7,off,
handler,1,5,uringpy-app,thread,2,13,0,3000,ok,4415.69,20.03,88465,86.75,95.93,98.36,581.87,95.98,0.480068359375,128,0,1.5797298971626812,0.0,49.84683249601765,0.0,98.82697947214076,111390,2356,1553,224386,1553,0,111390,49414334870,10902455,50598487472,3.14.7,off,
handler,1,6,uringpy-app,thread,4,13,0,100,ok,91372.63,20.02,1829274,4.39,5.17,5.63,6.23,4.37,9.93,0,0,24.15793413173653,0.0,98.19115130774871,0.0,98.53372434017595,2292116,48273,47470,4585838,47470,0,2292116,84371520856,182071987,100393096120,3.14.7,off,
handler,1,7,uringpy-app,thread,4,13,0,30,ok,209468.84,20.09,4208224,1.88,2.14,2.35,2.65,1.87,22.77,0,0,52.18100797087805,0.0,98.12446717817562,0.0,98.48927875243665,5267079,116110,115307,10535764,115307,0,5267079,54949929558,456274781,100866029075,3.14.7,off,
handler,1,8,uringpy-app,thread,2,13,0,1000,ok,12946.14,20.03,259247,30.74,31.44,32.28,385.54,38.7,1.41,0,0,4.000745480524321,0.0,49.64745927546803,0.0,98.16779170684667,324490,4505,3702,650586,3702,0,324490,48046421214,26934581,50386412437,3.14.7,off,
handler,1,9,uringpy-app,thread,4,13,0,0,ok,289864.47,20.1,5826161,1.32,1.43,1.56,1.79,1.33,31.51,0,0,69.19933597241732,0.0,98.06404480701327,0.0,98.39181286549707,7285323,164725,163922,14572252,163922,0,7285323,22349552670,742334082,100602643943,3.14.7,off,
handler,1,10,uringpy-app,thread,4,13,0,1000,ok,8948.66,20.04,179313,49.92,55.12,60.16,67.68,47.13,0.97,0,0,3.453416149068323,0.0,98.26681313316246,0.0,98.53515625,226022,6095,5292,453650,5292,0,226022,98934035024,22137955,100907728695,3.14.7,off,
handler,1,11,uringpy-app,thread,4,13,0,300,ok,30634.89,20.02,613296,15.51,17.29,18.27,19.72,13.22,3.33,0,0,9.496063968263806,0.0,98.28808999755441,0.0,98.53372434017595,769490,17421,16618,1540586,16618,0,769490,95545933098,62748798,100448100094,3.14.7,off,
handler,1,12,uringpy-app,thread,2,13,0,0,ok,201663.76,20.1,4053454,1.94,2.04,2.12,2.27,1.95,21.92,0,0,49.43946890461577,0.0,58.32862789384529,0.0,98.10126582278481,5076279,56547,55744,10154164,55744,0,5076279,9129632003,322004285,50562517965,3.14.7,off,
handler,1,13,uringpy-app,thread,2,13,0,30,ok,148287.57,20.02,2968009,2.66,2.74,2.82,3.01,2.69,16.12,0,0,39.30363864491844,0.0,54.64081795246315,0.0,97.34427812650894,3716589,38743,37940,7434784,37940,0,3716589,21626101042,207232879,50263337218,3.14.7,off,
handler,1,14,uringpy-app,thread,1,13,0,1000,ok,8524.6,20.03,170750,46.94,47.15,47.5,455.94,54.72,0.93,104,0,3.153850920131359,0.0,25.222002960039468,0.0,98.19247679531021,214769,2331,1528,431144,1528,0,214769,23071239540,12992877,25245860433,3.14.7,off,
handler,1,15,uringpy-app,thread,2,13,0,300,ok,37248.93,20.02,745897,10.7,10.87,11.04,11.45,11.53,4.05,0,0,10.380383527192707,0.0,50.78888054094666,0.0,98.09290953545232,934708,10780,9977,1871022,9977,0,934708,44014034637,70934402,50305777432,3.14.7,off,
handler,1,16,uringpy-app,thread,1,13,0,300,ok,25690.8,20.03,514537,15.52,15.59,15.69,467.51,25.68,2.79,0,0,7.2103216247916535,0.0,25.678391959798994,0.0,98.04592085979482,643249,4443,3640,1288104,3640,0,643249,20622248426,30396769,25216582824,3.14.7,off,
handler,1,17,uringpy-app,thread,1,13,0,3000,ok,2695.67,20.03,54000,129.19,148.06,148.68,149.5,124.25,0.29306640625,212,0,1.038126428968671,0.0,25.18073765469918,0.0,98.6328125,68220,1706,903,138046,903,0,68220,24713221213,5955294,25442175282,3.14.7,off,
handler,1,18,uringpy-app,thread,4,13,0,3000,ok,2982.39,20.03,59730,145.36,166.67,177.84,636.19,139.5,0.32423828125,77,0,1.1967507905996155,0.0,97.73193388828568,0.0,98.64799613713183,75204,2764,1961,152014,1961,0,75204,100289438080,9575907,101121067437,3.14.7,off,
handler,2,19,uringpy-app,thread,2,13,0,1000,ok,11868.97,20.03,237737,33.55,34.21,35.01,459.27,42.86,1.29,0,0,3.577639751552795,0.0,49.846267371786986,0.0,98.4375,295891,4260,3457,593388,3457,0,295891,48222682839,23297943,50380108959,3.14.7,off,
handler,2,20,uringpy-app,thread,4,13,0,300,ok,30756.0,20.03,616024,14.63,15.74,16.69,18.08,13.11,3.34,0,0,9.599347921499781,0.0,98.22825024437928,0.0,98.53300733496333,769045,16975,16172,1539696,16172,0,769045,95477970815,59979545,100464281590,3.14.7,off,
handler,2,21,uringpy-app,thread,2,13,0,30,ok,148225.05,20.02,2967181,2.66,2.73,2.81,3.01,2.68,16.11,0,0,35.831308789634335,0.0,54.57708779443255,0.0,98.53228962818004,3719592,39093,38290,7440790,38290,0,3719592,21238801379,205127100,50449306128,3.14.7,off,
handler,2,22,uringpy-app,thread,1,13,0,3000,ok,3075.36,20.04,61618,121.13,129.67,130.19,132.54,113.38,0.334345703125,201,0,1.191725841309046,0.0,25.159313725490197,0.0,98.53515625,77707,1745,942,157020,942,0,77707,24544213563,6561472,25363861689,3.14.7,off,
handler,2,23,uringpy-app,thread,1,13,0,0,ok,119565.04,20.02,2393168,3.32,3.38,3.43,3.6,3.67,13.0,0,0,33.98442406732823,0.0,28.639585605234462,0.0,96.90821256038647,3019196,16901,16098,6039998,16098,0,3019196,3664224323,139308862,25260672243,3.14.7,off,
handler,2,24,uringpy-app,thread,2,13,0,3000,ok,4424.13,20.03,88598,85.58,94.9,97.59,531.25,95.71,0.480986328125,113,0,1.7355730490299386,0.0,49.847132200073375,0.0,98.72984855886664,111280,2368,1565,224166,1565,0,111280,49327786101,10962709,50565764343,3.14.7,off,
handler,2,25,uringpy-app,thread,2,13,0,0,ok,200789.04,20.1,4035831,1.95,2.02,2.09,2.26,1.95,21.83,0,0,50.82386718262389,0.0,57.862252770374525,0.0,98.39181286549707,5083906,61863,61060,10169418,61060,0,5083906,9387385704,333174763,50479025732,3.14.7,off,
handler,2,26,uringpy-app,thread,2,13,0,100,ok,86614.39,20.02,1734270,4.58,4.74,4.86,5.12,4.72,9.42,0,0,25.49853097455773,0.0,52.3987619293268,0.0,98.09477283829995,2171353,23217,22414,4344312,22414,0,2171353,34541486023,125646410,50293283934,3.14.7,off,
handler,2,27,uringpy-app,thread,1,13,0,100,ok,55284.56,20.03,1107177,7.2,7.26,7.34,7.88,8.84,6.01,0,0,14.714051256154526,0.0,26.564727225605804,0.0,98.1427174975562,1382640,8193,7390,2766886,7390,0,1382640,15642668407,63877395,25194293011,3.14.7,off,
handler,2,28,uringpy-app,thread,4,13,0,100,ok,92802.65,20.02,1857992,4.52,4.82,5.06,5.48,4.3,10.09,0,0,25.410249936884625,0.0,97.29566582156224,0.0,98.11685176243361,2322973,48638,47835,4647552,47835,0,2322973,83739603247,198593873,100418023161,3.14.7,off,
handler,2,29,uringpy-app,thread,4,13,0,3000,ok,3015.55,20.03,60396,143.32,160.96,198.62,510.88,135.56,0.327841796875,83,0,1.382259964048844,0.0,98.5101966052021,0.0,98.87585532746823,76494,2827,2024,154594,2024,0,76494,100174684803,10829252,101009285385,3.14.7,off,
handler,2,30,uringpy-app,thread,1,13,0,1000,ok,8655.36,20.03,173405,46.26,46.43,46.58,428.33,53.91,0.94,92,0,3.4405802492095963,0.0,25.21567660833128,0.0,98.14453125,218039,2355,1552,437684,1552,0,218039,23149000688,12652335,25261397597,3.14.7,off,
handler,2,31,uringpy-app,thread,2,13,0,300,ok,38635.65,20.04,774067,10.66,11.23,11.49,11.9,10.6,4.2,0,0,13.85519801980198,0.0,50.88467812774501,0.0,98.09290953545232,964725,11288,10485,1931056,10485,0,964725,43775942923,67496193,50278353507,3.14.7,off,
handler,2,32,uringpy-app,thread,1,13,0,300,ok,25454.07,20.03,509844,15.65,15.74,15.84,16.5,18.28,2.77,0,0,7.824296499656829,0.0,25.692789968652036,0.0,97.99902391410444,637258,4499,3696,1276122,3696,0,637258,20644717332,31280535,25200206067,3.14.7,off,
handler,2,33,uringpy-app,thread,1,13,0,30,ok,90602.91,20.04,1815423,4.33,4.44,4.59,5.52,4.88,9.85,0,0,35.524035684487515,0.0,27.713870157344967,0.0,96.9126869271587,2269871,12919,12116,4541348,12116,0,2269871,10383612197,112792122,25275872487,3.14.7,off,
handler,2,34,uringpy-app,thread,4,13,0,1000,ok,9236.48,20.06,185271,42.79,53.3,58.47,202.86,47.68,1.0,0,0,6.386723661051043,0.0,98.14724524622136,0.0,98.53658536585365,231415,6308,5505,464436,5505,0,231415,98722354901,22237194,100708228630,3.14.7,off,
handler,2,35,uringpy-app,thread,4,13,0,30,ok,154815.92,20.08,3108905,2.2,2.72,3.25,5.05,2.16,16.83,0,0,68.84113097502218,0.0,85.98618014304765,0.0,86.46288209606988,3901129,358817,358014,7803864,358014,0,3901129,55668327364,549443746,86328924128,3.14.7,off,
handler,2,36,uringpy-app,thread,4,13,0,0,ok,201725.21,20.08,4049784,1.31,1.91,2.91,6.27,1.58,21.93,0,0,85.72840116099549,0.0,81.08436664235352,0.0,82.05753291077524,5193493,893587,892784,10388592,892784,0,5193493,23622771214,900480766,80623001402,3.14.7,off,
handler,3,37,uringpy-app,thread,1,13,0,0,ok,121912.27,20.04,2443354,3.11,3.3,3.54,4.6,3.16,13.25,0,0,55.18260104343453,0.0,28.64619198457513,0.0,97.90243902439025,3054642,18458,17655,6110890,17655,0,3054642,4902074607,179003668,25166704770,3.14.7,off,
handler,3,38,uringpy-app,thread,4,13,0,0,ok,231355.13,20.06,4640065,1.36,1.73,2.1,3.22,1.36,25.15,0,0,82.11061285500747,0.0,86.99342498505679,0.0,87.64312977099236,5793972,676149,675346,11589550,675346,0,5793972,27547287488,999982065,87354824098,3.14.7,off,
handler,3,39,uringpy-app,thread,4,13,0,30,ok,181145.59,20.05,3632635,1.99,2.42,2.79,3.57,1.94,19.69,0,0,68.65045067292259,0.0,94.81246955674622,0.0,95.22649780808572,4480784,223937,223134,8963174,223134,0,4480784,60783023328,526316444,95673947104,3.14.7,off,
handler,3,40,uringpy-app,thread,2,13,0,0,ok,193445.63,20.02,3873532,1.92,2.11,2.31,2.96,1.93,21.03,0,0,70.50561797752809,0.0,57.037756801776794,0.0,98.2421875,4811731,61714,60911,9625068,60911,0,4811731,11201061066,398708156,50126753288,3.14.7,off,
handler,3,41,uringpy-app,thread,4,13,0,1000,ok,9054.85,20.03,181412,53.5,57.2,60.47,197.73,48.73,0.98,0,0,5.320919908748998,0.0,98.17050859860959,0.0,98.4375,228247,6394,5591,458100,5591,0,228247,98687199373,21238537,100648673813,3.14.7,off,
handler,3,42,uringpy-app,thread,4,13,0,300,ok,31316.35,20.03,627139,14.32,15.57,16.61,18.02,13.04,3.4,0,0,14.021047324973217,0.0,98.21646713901784,0.0,98.53372434017595,784607,17608,16805,1570820,16805,0,784607,95625622177,60088466,100509990394,3.14.7,off,
handler,3,43,uringpy-app,thread,2,13,0,100,ok,84436.79,20.03,1691546,4.61,4.89,5.08,5.58,4.69,9.18,0,0,32.07015346069527,0.0,52.11464968152866,0.0,97.15525554484088,2127259,23611,22808,4256124,22808,0,2127259,36312950066,129194809,50423691604,3.14.7,off,
handler,3,44,uringpy-app,thread,1,13,0,300,ok,26024.28,20.04,521547,15.26,15.41,15.59,366.39,23.33,2.83,0,0,10.419926153075911,0.0,25.666374671505444,0.0,97.85575048732943,652373,4631,3828,1306352,3828,0,652373,20790230725,30564540,25213769613,3.14.7,off,
handler,3,45,uringpy-app,thread,1,13,0,3000,ok,3085.05,20.03,61808,120.54,129.53,129.96,130.95,112.99,0.335400390625,203,0,1.278014447119837,0.0,25.119529238690696,0.0,98.87640449438203,78008,1745,942,157622,942,0,78008,24591888033,6278618,25398161402,3.14.7,off,
handler,3,46,uringpy-app,thread,1,13,0,1000,ok,8635.29,20.04,173008,46.41,46.58,46.79,491.53,54.55,0.94,109,0,3.3319094404100813,0.0,25.203252032520325,0.0,98.09848854217455,217527,2342,1539,436660,1539,0,217527,23088555815,12822080,25255831560,3.14.7,off,
handler,3,47,uringpy-app,thread,2,13,0,1000,ok,13007.64,20.03,260479,30.61,31.08,31.8,270.73,36.66,1.41,0,0,4.096325719960278,0.0,49.88905325443787,0.0,98.58260019550342,326027,4631,3828,653660,3828,0,326027,47959561869,26226065,50354279100,3.14.7,off,
handler,3,48,uringpy-app,thread,4,13,0,100,ok,91712.84,20.02,1835955,4.25,4.96,5.48,6.02,4.34,9.97,0,0,26.0002508466073,0.0,97.3305954825462,0.0,98.1159420289855,2313049,48271,47468,4627704,47468,0,2313049,84279420269,196658480,100408531871,3.14.7,off,
handler,3,49,uringpy-app,thread,2,13,0,300,ok,38600.84,20.03,773053,10.21,10.77,11.07,11.46,10.62,4.2,0,0,11.306800376057662,0.0,50.92325084788343,0.0,98.0440097799511,970290,11225,10422,1942186,10422,0,970290,43486016238,67671868,50290849416,3.14.7,off,
handler,3,50,uringpy-app,thread,2,13,0,3000,ok,4405.72,20.03,88253,89.14,92.52,94.48,495.43,95.74,0.478984375,112,0,1.7390766183933655,0.0,49.78577549271637,0.0,98.72984855886664,111079,2368,1565,223764,1565,0,111079,49363279275,10826521,50567567133,3.14.7,off,
handler,3,51,uringpy-app,thread,2,13,0,30,ok,148907.66,20.02,2980821,2.64,2.85,2.95,3.15,2.67,16.19,0,0,37.300254927563266,0.0,55.23719421543452,0.0,98.4841075794621,3723987,39247,38444,7449580,38444,0,3723987,21981349196,215565472,50260009941,3.14.7,off,
handler,3,52,uringpy-app,thread,1,13,0,30,ok,90272.34,20.1,1814242,4.41,4.46,4.52,4.74,5.02,9.81,0,0,25.075834175935288,0.0,27.796383121232417,0.0,98.19775937652216,2271518,13146,12343,4544642,12343,0,2271518,10133693398,105163116,25352011758,3.14.7,off,
handler,3,53,uringpy-app,thread,1,13,0,100,ok,54330.4,20.02,1087855,7.32,7.4,7.48,7.96,8.6,5.91,0,0,15.305737292400604,0.0,26.44701691896705,0.0,97.2007722007722,1362554,8088,7285,2726714,7285,0,1362554,15489882331,62321491,25182884179,3.14.7,off,
handler,3,54,uringpy-app,thread,4,13,0,3000,ok,2996.87,20.03,60039,145.21,176.84,190.51,529.57,136.45,0.3258203125,87,0,1.608612262575017,0.0,98.53533504210911,0.0,98.87750122010738,75992,2816,2013,153590,2013,0,75992,100406562969,9861704,101264935691,3.14.7,off,
handler,4,55,uringpy-app,thread,4,13,0,30,ok,208480.26,20.01,4172304,1.85,2.01,2.17,2.45,1.87,22.67,0,0,53.65990290053529,0.0,98.21472242602103,0.0,98.53228962818004,5212918,106871,106068,10427442,106068,0,5212918,56039305731,466420486,100297347962,3.14.7,off,
handler,4,56,uringpy-app,thread,4,13,0,1000,ok,8919.69,20.03,178623,54.35,58.36,61.5,289.28,50.89,0.97,0,0,3.6923265958100386,0.0,98.301356470732,0.0,98.58190709046455,224501,5958,5155,450608,5155,0,224501,98555461140,22898430,100541442767,3.14.7,off,
handler,4,57,uringpy-app,thread,1,13,0,1000,ok,8757.23,20.03,175415,45.72,45.88,46.1,479.41,53.92,0.95,101,0,3.2465923172242874,0.0,25.20956607495069,0.0,98.09477283829995,220658,2359,1556,442922,1556,0,220658,23083876347,13241040,25257164387,3.14.7,off,
handler,4,58,uringpy-app,thread,1,13,0,300,ok,25773.66,20.02,516079,15.47,15.55,15.64,377.43,23.78,2.8,0,0,7.238689547581903,0.0,25.672492872195363,0.0,96.90970545630131,646005,4483,3680,1293616,3680,0,646005,20526221255,32082206,25206220139,3.14.7,off,
handler,4,59,uringpy-app,thread,1,13,0,100,ok,54414.03,20.02,1089524,7.32,7.38,7.44,7.79,7.91,5.92,0,0,14.756059175322632,0.0,26.47894600878326,0.0,98.09290953545232,1360037,8111,7308,2721680,7308,0,1360037,15512022141,60295200,25184323686,3.14.7,off,
handler,4,60,uringpy-app,thread,1,13,0,3000,ok,2986.02,20.03,59818,123.25,133.43,133.81,136.07,115.63,0.324638671875,202,0,1.1181121818631086,0.0,25.07660252481922,0.0,98.29184968277208,75469,1738,935,152544,935,0,75469,24539814069,5520357,25336217134,3.14.7,off,
handler,4,61,uringpy-app,thread,2,13,0,30,ok,149810.65,20.09,3010011,2.63,2.74,2.83,3.05,2.64,16.29,0,0,38.79273175238682,0.0,55.17566294252255,0.0,98.44054580896686,3761737,43965,43162,7525080,43162,0,3761737,22230514934,217306381,50544804751,3.14.7,off,
handler,4,62,uringpy-app,thread,1,13,0,30,ok,90269.29,20.02,1807165,4.4,4.46,4.52,4.77,4.98,9.81,0,0,24.950545593771935,0.0,27.59036144578313,0.0,98.0440097799511,2268931,12625,11822,4539468,11822,0,2268931,9484546904,100642513,25176213686,3.14.7,off,
handler,4,63,uringpy-app,thread,2,13,0,3000,ok,4415.08,20.03,88432,89.58,91.63,94.76,503.92,95.53,0.48,112,0,1.7014168161851142,0.0,49.437658725359775,0.0,97.44331886155331,111880,2374,1571,225366,1571,0,111880,49334975589,10190507,50509314523,3.14.7,off,
handler,4,64,uringpy-app,thread,2,13,0,0,ok,200976.37,20.1,4039617,1.94,2.02,2.11,2.27,1.96,21.85,0,0,49.90908520910402,0.0,58.11797752808989,0.0,98.34388699464199,5042660,57362,56559,10086926,56559,0,5042660,9524127630,335948579,50543930596,3.14.7,off,
handler,4,65,uringpy-app,thread,4,13,0,3000,ok,3029.01,20.04,60688,147.64,174.52,182.56,434.41,134.29,0.329306640625,84,0,1.2267657992565055,0.0,98.43788137661704,0.0,98.82869692532942,76411,2825,2022,154428,2022,0,76411,100228108181,10832373,101058525806,3.14.7,off,
handler,4,66,uringpy-app,thread,2,13,0,300,ok,38954.62,20.01,779674,10.18,10.45,10.72,11.15,11.11,4.24,0,0,10.607659363168022,0.0,51.2121592764728,0.0,98.239608801956,976032,11079,10276,1953670,10276,0,976032,43465502923,64312838,50293577868,3.14.7,off,
handler,4,67,uringpy-app,thread,4,13,0,300,ok,30618.16,20.03,613130,14.0,15.2,16.01,17.21,13.34,3.33,0,0,10.02005263817521,0.0,98.21537709326488,0.0,98.48484848484848,766775,16472,15669,1535156,15669,0,766775,95487248493,62249359,100491705787,3.14.7,off,
handler,4,68,uringpy-app,thread,2,13,0,100,ok,87910.93,20.02,1760040,4.41,4.92,5.07,5.3,4.58,9.56,0,0,24.06417112299465,0.0,52.247191011235955,0.0,98.06856591018831,2205954,24293,23490,4413514,23490,0,2205954,34561335961,124351234,50432129847,3.14.7,off,
handler,4,69,uringpy-app,thread,4,13,0,100,ok,94959.53,20.02,1900874,4.34,4.71,4.98,5.42,4.2,10.32,0,0,25.836231425861524,0.0,98.23853211009174,0.0,98.5812133072407,2374842,49237,48434,4751290,48434,0,2374842,83585158237,186576527,100391166265,3.14.7,off,
handler,4,70,uringpy-app,thread,1,13,0,0,ok,121340.0,20.01,2428191,3.27,3.32,3.38,3.51,3.51,13.19,0,0,34.5375,0.0,28.65424430641822,0.0,98.04305283757338,3037254,16474,15671,6076114,15671,0,3037254,3953708239,147605420,25165913877,3.14.7,off,
handler,4,71,uringpy-app,thread,4,13,0,0,ok,289920.79,20.1,5827420,1.25,1.55,1.8,2.07,1.33,31.52,0,0,68.2983682983683,0.0,98.03897685749087,0.0,98.48927875243665,7290203,161589,160786,14582012,160786,0,7290203,21875888629,746023502,100361716622,3.14.7,off,
handler,4,72,uringpy-app,thread,2,13,0,1000,ok,13147.9,20.02,263286,29.55,32.44,33.18,367.44,37.94,1.43,0,0,3.9865871833084947,0.0,49.93837811190535,0.0,98.4841075794621,328636,4574,3771,658878,3771,0,328636,48009453226,26295608,50374880337,3.14.7,off,
handler,5,73,uringpy-app,thread,2,13,0,100,ok,87916.87,20.02,1760237,4.46,4.87,4.98,5.21,4.68,9.56,0,0,24.69574036511156,0.0,52.42059426229508,0.0,97.39004349927501,2201820,23562,22759,4405246,22759,0,2201820,34489585005,121640350,50286921472,3.14.7,off,
handler,5,74,uringpy-app,thread,2,13,0,0,ok,204825.07,20.1,4116851,1.91,2.0,2.08,2.27,1.93,22.27,0,0,53.225806451612904,0.0,58.851946575731745,0.0,98.2439024390244,5101991,57557,56754,10205588,56754,0,5101991,9572951184,338806267,50568813995,3.14.7,off,
handler,5,75,uringpy-app,thread,1,13,0,3000,ok,3039.29,20.03,60880,121.72,131.52,131.94,132.46,113.93,0.3304296875,206,0,1.1365040148239653,0.0,25.16856687507662,0.0,98.92525647288716,76924,1740,937,155454,937,0,76924,24631818749,5575510,25429332745,3.14.7,off,
handler,5,76,uringpy-app,thread,4,13,0,100,ok,94915.57,20.02,1900103,4.29,4.95,5.31,5.84,4.2,10.32,0,0,26.373285333002297,0.0,98.22695035460993,0.0,98.53228962818004,2370387,49709,48906,4742380,48906,0,2370387,83554120700,199807616,100376568286,3.14.7,off,
handler,5,77,uringpy-app,thread,2,13,0,3000,ok,4475.35,20.03,89628,86.6,93.8,96.85,510.16,94.66,0.486552734375,109,0,1.6766689352224216,0.0,49.74289911851126,0.0,98.63080684596576,112374,2381,1578,226354,1578,0,112374,49307098756,10498471,50532051838,3.14.7,off,
handler,5,78,uringpy-app,thread,4,13,0,30,ok,210200.88,20.01,4206821,1.83,2.12,2.37,2.7,1.87,22.85,0,0,53.170700958144224,0.0,97.30708851587973,0.0,98.1159420289855,5254452,112963,112160,10510510,112160,0,5254452,54813207458,464532477,100617849908,3.14.7,off,
handler,5,79,uringpy-app,thread,1,13,0,30,ok,90040.83,20.02,1802881,4.42,4.47,4.53,4.75,5.01,9.79,0,0,26.362948006057547,0.0,27.61662879294212,0.0,98.48558866634099,2255471,12542,11739,4512548,11739,0,2255471,9721569766,101251471,25182039851,3.14.7,off,
handler,5,80,uringpy-app,thread,4,13,0,300,ok,31331.79,20.02,627346,14.69,16.14,16.79,18.32,13.13,3.41,0,0,9.920834380497613,0.0,98.26384643599462,0.0,98.58190709046455,778025,17318,16515,1557656,16515,0,778025,95327288128,61475004,100467804534,3.14.7,off,
handler,5,81,uringpy-app,thread,1,13,0,0,ok,127215.87,20.01,2546148,3.12,3.17,3.23,3.37,3.24,13.83,0,0,35.303543913713405,0.0,28.699861687413556,0.0,98.23702252693438,3146818,17071,16268,6295242,16268,0,3146818,3813181973,143303083,25163964081,3.14.7,off,
handler,5,82,uringpy-app,thread,4,13,0,3000,ok,2984.13,20.03,59772,149.51,170.31,180.06,636.73,139.55,0.32443359375,74,0,1.2201920099101888,0.0,98.57038123167156,0.0,98.82755251587689,75185,2758,1955,151976,1955,0,75185,100257152834,10325618,101074380360,3.14.7,off,
handler,5,83,uringpy-app,thread,1,13,0,1000,ok,7757.15,20.03,155345,51.73,51.9,52.12,434.36,58.31,0.843349609375,119,0,2.867228139707704,0.0,25.188610367486007,0.0,97.05456301303718,195186,2229,1426,391978,1426,0,195186,23295478144,13015223,25265280644,3.14.7,off,
handler,5,84,uringpy-app,thread,2,13,0,30,ok,150165.33,20.1,3018322,2.62,2.75,2.84,3.01,2.65,16.33,0,0,40.75971510683494,0.0,55.572105619498984,0.0,98.10126582278481,3757237,42264,41461,7516080,41461,0,3757237,22034768126,216850513,50584037489,3.14.7,off,
handler,5,85,uringpy-app,thread,2,13,0,1000,ok,13241.97,20.02,265152,30.05,30.9,31.51,385.43,38.01,1.44,0,0,3.9307004470938898,0.0,49.956838081144404,0.0,98.14362481680509,329862,4554,3751,661330,3751,0,329862,48050632913,25802566,50375868225,3.14.7,off,
handler,5,86,uringpy-app,thread,1,13,0,300,ok,25771.51,20.03,516228,15.46,15.54,15.64,372.46,23.68,2.8,0,0,7.150342106885287,0.0,25.70281124497992,0.0,98.09384164222874,646592,4491,3688,1294790,3688,0,646592,20595321950,32271806,25204097358,3.14.7,off,
handler,5,87,uringpy-app,thread,2,13,0,300,ok,36609.61,20.03,733240,10.87,11.26,11.47,11.86,11.19,3.98,0,0,10.904988718977187,0.0,50.66916823014384,0.0,98.43673668783586,920159,10636,9833,1841924,9833,0,920159,43885812261,63274632,50306615709,3.14.7,off,
handler,5,88,uringpy-app,thread,4,13,0,1000,ok,9111.21,20.03,182452,49.12,53.19,61.43,264.83,49.47,0.99,0,0,3.595687667476787,0.0,97.40463544181554,0.0,98.2134234669242,228901,5846,5043,459408,5043,0,228901,98638346396,22293834,100647961538,3.14.7,off,
handler,5,89,uringpy-app,thread,4,13,0,0,ok,290660.91,20.01,5816446,1.28,1.49,1.69,1.99,1.32,31.6,0,0,71.17145968103503,0.0,97.95743639921722,0.0,98.2885085574572,7295091,167932,167129,14591788,167129,0,7295091,22207557677,772523313,100319718884,3.14.7,off,
handler,5,90,uringpy-app,thread,1,13,0,100,ok,55146.74,20.02,1104146,7.23,7.29,7.36,7.8,8.92,6.0,0,0,15.883132454092257,0.0,26.543528803926634,0.0,98.04496578690127,1379775,8160,7357,2761156,7357,0,1379775,15339474033,60663397,25187816001,3.14.7,off,
