experiment,rep,order,engine,mode,workers,resp_size,max_batch,status,rps,duration_s,requests,lat_p50_ms,lat_p75_ms,lat_p90_ms,lat_p99_ms,lat_avg_ms,transfer_mb_s,socket_errors,non_2xx,client_cpu_pct,client_steal_pct,server_cpu_pct,server_steal_pct,server_max_core_pct,srv_requests,srv_syscalls,srv_enters,srv_completions,srv_waits,srv_handler_errors,srv_python,srv_gil,note
app,1,1,asyncio-app,thread,1,13,0,ok,55529.91,20.02,1111707,7.12,7.2,7.28,7.68,7.67,6.04,0,0,18.45141065830721,0.0,26.77922077922078,0.0,98.239608801956,,,,,,,3.14.7,off,
app,1,2,asyncio-app,thread,4,13,0,ok,148652.14,20.1,2987923,2.6,2.9,3.09,3.38,2.98,16.16,0,0,52.66991828719833,0.0,98.20971867007673,0.0,98.43978547050219,,,,,,,3.14.7,off,
app,1,3,asyncio-app,process,4,13,0,ok,154761.62,20.1,3110672,2.5,2.9,3.24,3.44,2.56,16.83,0,0,52.44998733856673,0.0,97.33076830587953,0.0,98.12409812409813,,,,,,,3.14.7,off,
app,1,4,asyncio-app,process,1,13,0,ok,57462.45,20.02,1150213,6.93,7.0,7.07,7.33,7.06,6.25,0,0,18.98661567877629,0.0,26.7378286904452,0.0,98.48558866634099,,,,,,,3.14.7,off,
app,1,5,uringpy-app,process,1,13,0,ok,124872.12,20.02,2500304,3.18,3.23,3.28,3.46,3.39,13.58,0,0,38.05220883534137,0.0,29.282310064479955,0.0,98.04305283757338,3109580,16858,16055,6220766,16054,0,3.14.7,off,
app,1,6,uringpy-app,process,2,13,0,ok,198568.4,20.1,3991327,1.95,2.05,2.15,2.48,1.95,21.59,0,0,61.20188142096794,0.0,56.982012906769185,0.0,98.46005774783445,4996044,59042,58239,9993694,58237,0,3.14.7,off,
app,1,7,uringpy-app,thread,2,13,0,ok,201595.07,20.02,4035936,1.93,2.02,2.1,2.38,1.93,21.92,0,0,57.86009778112072,0.0,58.39818876468091,0.0,98.53372434017595,5042014,56527,55724,10085634,55724,0,3.14.7,off,
app,1,8,uringpy-app,thread,4,13,0,ok,271024.15,20.03,5428001,1.28,1.51,1.74,2.31,1.28,29.47,0,0,79.00747129927717,0.0,95.69354641942174,0.0,96.09565641776476,6829286,309386,308583,13660178,308583,0,3.14.7,off,
app,1,9,asyncio-app,process,2,13,0,ok,99477.33,20.01,1990910,3.98,4.1,4.2,4.47,4.12,10.82,0,0,41.367816801432014,0.0,53.780182082068876,0.0,98.48336594911937,,,,,,,3.14.7,off,
app,1,10,uringpy-app,thread,1,13,0,ok,120448.88,20.09,2419876,3.26,3.35,3.45,3.79,3.6,13.1,0,0,45.833333333333336,0.0,28.604746878858553,0.0,98.48927875243665,3043111,17101,16298,6087828,16298,0,3.14.7,off,
app,1,11,asyncio-app,thread,2,13,0,ok,96951.76,20.01,1940387,4.07,4.16,4.26,4.58,4.5,10.54,0,0,42.01090703942832,0.0,53.34026514166883,0.0,97.29468599033817,,,,,,,3.14.7,off,
app,1,12,uringpy-app,process,4,13,0,ok,277743.18,20.02,5561762,1.27,1.48,1.69,2.18,1.26,30.2,0,0,79.4283633715638,0.0,96.33744353558784,0.0,96.9741337237677,6963997,295871,295068,13929600,295064,0,3.14.7,off,
app,2,13,uringpy-app,process,4,13,0,ok,290350.48,20.09,5834012,1.27,1.44,1.64,2.05,1.29,31.57,0,0,74.98900270219318,0.0,97.89383978573167,0.0,98.19688109161794,7253110,196484,195681,14507826,195677,0,3.14.7,off,
app,2,14,asyncio-app,thread,1,13,0,ok,56751.33,20.02,1136269,6.96,7.03,7.11,7.51,7.57,6.17,0,0,19.433146924250128,0.0,26.764894298526585,0.0,96.90970545630131,,,,,,,3.14.7,off,
app,2,15,uringpy-app,thread,1,13,0,ok,121677.77,20.02,2436301,3.26,3.32,3.38,3.61,3.47,13.23,0,0,39.85689179010796,0.0,28.926537980835995,0.0,98.09290953545232,3036728,16487,15684,6075062,15684,0,3.14.7,off,
app,2,16,asyncio-app,thread,2,13,0,ok,95597.29,20.1,1921504,4.15,4.35,4.45,4.7,4.63,10.39,0,0,31.231458688379725,0.0,53.30379251922325,0.0,98.14905017048223,,,,,,,3.14.7,off,
app,2,17,uringpy-app,thread,4,13,0,ok,289760.83,20.01,5798032,1.31,1.41,1.53,1.91,1.3,31.5,0,0,73.73928391326274,0.0,97.1856504408745,0.0,98.06669888835187,7270433,165297,164494,14542472,164494,0,3.14.7,off,
app,2,18,uringpy-app,process,1,13,0,ok,125836.26,20.02,2518978,3.15,3.21,3.29,3.57,3.45,13.68,0,0,42.42785445420326,0.0,29.181245626312105,0.0,98.14180929095355,3132306,17257,16454,6266218,16453,0,3.14.7,off,
app,2,19,uringpy-app,process,2,13,0,ok,201538.77,20.1,4050927,1.93,2.02,2.11,2.43,1.93,21.91,0,0,59.29483207336721,0.0,57.98401794476377,0.0,98.10311284046692,5108702,55924,55121,10219010,55119,0,3.14.7,off,
app,2,20,uringpy-app,thread,2,13,0,ok,196498.18,20.02,3933124,1.97,2.1,2.22,2.52,1.97,21.36,0,0,59.59904651304932,0.0,57.130930847363295,0.0,98.5812133072407,4943352,52747,51944,9888310,51944,0,3.14.7,off,
app,2,21,asyncio-app,process,4,13,0,ok,155910.82,20.1,3133820,2.5,2.8,2.91,3.1,2.54,16.95,0,0,51.90897597977244,0.0,98.24625502374863,0.0,98.58674463937622,,,,,,,3.14.7,off,
app,2,22,asyncio-app,process,1,13,0,ok,56745.92,20.02,1136159,7.01,7.08,7.17,7.48,7.1,6.17,0,0,17.761232022400407,0.0,26.77469135802469,0.0,96.90821256038647,,,,,,,3.14.7,off,
app,2,23,asyncio-app,process,2,13,0,ok,98355.27,20.01,1968469,4.05,4.15,4.24,4.43,4.05,10.69,0,0,34.438004032258064,0.0,53.45597897503285,0.0,98.14090019569471,,,,,,,3.14.7,off,
app,2,24,asyncio-app,thread,4,13,0,ok,149956.33,20.1,3014109,2.7,2.79,2.87,3.06,2.64,16.3,0,0,51.56664560960202,0.0,98.25822168087699,0.0,98.5874330248417,,,,,,,3.14.7,off,
app,3,25,asyncio-app,process,4,13,0,ok,152876.51,20.1,3072815,2.6,2.69,2.78,2.95,2.6,16.62,0,0,50.795947901591894,0.0,97.37697028035134,0.0,98.21858449687049,,,,,,,3.14.7,off,
app,3,26,uringpy-app,thread,1,13,0,ok,127847.61,20.02,2559856,3.11,3.15,3.21,3.38,3.19,13.9,0,0,38.60562575401613,0.0,29.33164841336703,0.0,98.0440097799511,3187238,17765,16962,6376082,16962,0,3.14.7,off,
app,3,27,asyncio-app,process,2,13,0,ok,98059.41,20.1,1971007,4.07,4.25,4.33,4.5,4.16,10.66,0,0,32.90803436078828,0.0,53.71683740478067,0.0,98.53801169590643,,,,,,,3.14.7,off,
app,3,28,asyncio-app,thread,2,13,0,ok,95107.01,20.1,1911670,4.16,4.23,4.3,4.61,4.66,10.34,0,0,33.358429010602926,0.0,53.152804642166345,0.0,98.07692307692308,,,,,,,3.14.7,off,
app,3,29,uringpy-app,process,2,13,0,ok,200988.37,20.01,4021640,1.96,2.04,2.11,2.29,1.96,21.85,0,0,52.50535062319023,0.0,57.62759394279305,0.0,98.23874755381604,5058273,52802,51999,10118152,51997,0,3.14.7,off,
app,3,30,uringpy-app,process,4,13,0,ok,291068.86,20.01,5824600,1.3,1.4,1.52,1.93,1.29,31.64,0,0,73.93284006829823,0.0,97.9212521398875,0.0,98.1427174975562,7315035,178363,177560,14631676,177556,0,3.14.7,off,
app,3,31,asyncio-app,thread,4,13,0,ok,149495.11,20.01,2991418,2.55,2.76,3.15,3.36,3.13,16.25,0,0,49.11403619794962,0.0,97.28359290112279,0.0,98.1159420289855,,,,,,,3.14.7,off,
app,3,32,asyncio-app,process,1,13,0,ok,56898.83,20.01,1138545,6.99,7.06,7.13,7.39,7.14,6.19,0,0,18.8027677267822,0.0,26.74645505398725,0.0,98.18982387475538,,,,,,,3.14.7,off,
app,3,33,uringpy-app,process,1,13,0,ok,122039.98,20.02,2443144,3.25,3.3,3.36,3.52,3.55,13.27,0,0,35.14026977392185,0.0,28.908964558721333,0.0,98.4841075794621,3073914,17045,16242,6149434,16241,0,3.14.7,off,
app,3,34,uringpy-app,thread,4,13,0,ok,289857.8,20.1,5826167,1.3,1.47,1.62,1.95,1.32,31.51,0,0,69.55089630708811,0.0,98.00219271531246,0.0,98.29517778860205,7290865,169388,168585,14583336,168585,0,3.14.7,off,
app,3,35,uringpy-app,thread,2,13,0,ok,201024.73,20.02,4024212,1.95,2.03,2.11,2.29,1.95,21.86,0,0,52.969674090851896,0.0,57.7350007025432,0.0,98.09197651663405,5053569,52447,51644,10108744,51644,0,3.14.7,off,
app,3,36,asyncio-app,thread,1,13,0,ok,55021.46,20.02,1101402,7.19,7.26,7.33,7.71,7.67,5.98,0,0,18.38039761934912,0.0,26.634258667007803,0.0,97.29468599033817,,,,,,,3.14.7,off,
app,4,37,asyncio-app,process,4,13,0,ok,153814.94,20.1,3091651,2.52,2.71,2.97,3.18,2.58,16.72,0,0,51.75526579739218,0.0,98.25843380830594,0.0,98.53801169590643,,,,,,,3.14.7,off,
app,4,38,uringpy-app,thread,4,13,0,ok,288994.37,20.1,5808853,1.29,1.44,1.61,1.98,1.31,31.42,0,0,73.15736424341691,0.0,98.05139447083181,0.0,98.39181286549707,7273515,175158,174355,14548636,174355,0,3.14.7,off,
app,4,39,uringpy-app,thread,1,13,0,ok,123191.18,20.02,2465907,3.23,3.28,3.33,3.52,3.54,13.39,0,0,38.008824808899384,0.0,29.024627800194796,0.0,98.18805093046034,3083867,16687,15884,6169340,15884,0,3.14.7,off,
app,4,40,uringpy-app,process,2,13,0,ok,195799.76,20.1,3935635,2.01,2.08,2.14,2.32,2.02,21.29,0,0,51.83491983967936,0.0,56.74296745725317,0.0,98.34307992202729,4962037,60633,59830,9925680,59828,0,3.14.7,off,
app,4,41,asyncio-app,process,2,13,0,ok,99195.44,20.1,1993795,4.02,4.15,4.22,4.36,4.0,10.78,0,0,33.728034263399884,0.0,52.99123259412068,0.0,98.60442733397498,,,,,,,3.14.7,off,
app,4,42,uringpy-app,process,1,13,0,ok,124617.92,20.1,2504675,3.18,3.23,3.28,3.43,3.48,13.55,0,0,36.28498727735369,0.0,29.193930112766253,0.0,98.14814814814815,3123607,17291,16488,6248820,16487,0,3.14.7,off,
app,4,43,asyncio-app,process,1,13,0,ok,56751.9,20.02,1136269,7.02,7.08,7.14,7.37,7.19,6.17,0,0,17.882980073613403,0.0,26.748115414608787,0.0,98.09384164222874,,,,,,,3.14.7,off,
app,4,44,asyncio-app,thread,4,13,0,ok,148300.67,20.1,2980841,2.73,2.82,2.9,3.1,3.13,16.12,0,0,48.35751523145531,0.0,97.34151329243353,0.0,98.17219817219818,,,,,,,3.14.7,off,
app,4,45,uringpy-app,process,4,13,0,ok,294040.48,20.01,5884580,1.31,1.41,1.52,1.77,1.31,31.97,0,0,71.05534769707134,0.0,98.23788546255507,0.0,98.58051884483602,7360114,155053,154250,14721834,154246,0,3.14.7,off,
app,4,46,asyncio-app,thread,1,13,0,ok,55159.66,20.02,1104282,7.17,7.24,7.31,7.92,7.72,6.0,0,0,17.902878153924178,0.0,26.622619510299263,0.0,98.239608801956,,,,,,,3.14.7,off,
app,4,47,asyncio-app,thread,2,13,0,ok,95491.21,20.01,1910775,4.14,4.38,4.47,4.66,4.63,10.38,0,0,31.129459220975672,0.0,53.07682342272315,0.0,97.38751814223512,,,,,,,3.14.7,off,
app,4,48,uringpy-app,thread,2,13,0,ok,198101.2,20.09,3979495,1.96,2.06,2.16,2.45,1.96,21.54,0,0,56.900621118012424,0.0,57.073576278231954,0.0,98.00292255236239,4970253,60901,60098,9942112,60098,0,3.14.7,off,
app,5,49,uringpy-app,thread,1,13,0,ok,126406.28,20.02,2530416,3.14,3.19,3.24,3.4,3.34,13.74,0,0,38.102822195323945,0.0,29.25837655965232,0.0,98.14180929095355,3160733,17141,16338,6323072,16338,0,3.14.7,off,
app,5,50,asyncio-app,thread,1,13,0,ok,56245.47,20.02,1125818,7.03,7.11,7.19,7.62,7.57,6.11,0,0,18.63137180219641,0.0,26.79143699525702,0.0,96.90970545630131,,,,,,,3.14.7,off,
app,5,51,asyncio-app,process,1,13,0,ok,54925.0,20.02,1099597,7.24,7.32,7.41,7.71,7.39,5.97,0,0,16.90597204574333,0.0,26.646784232365146,0.0,98.33578071463533,,,,,,,3.14.7,off,
app,5,52,uringpy-app,process,4,13,0,ok,262205.28,20.01,5246724,1.25,1.6,2.95,8.19,1.85,28.51,0,0,64.18216805644644,0.0,98.16536203522504,0.0,98.53085210577865,6465039,141373,140570,12931684,140566,0,3.14.7,off,
app,5,53,asyncio-app,process,2,13,0,ok,97543.18,20.02,1952822,4.07,4.27,4.35,4.49,4.09,10.6,0,0,32.21827695757802,0.0,53.39971177780689,0.0,98.58190709046455,,,,,,,3.14.7,off,
app,5,54,uringpy-app,process,2,13,0,ok,205665.62,20.02,4116729,1.92,1.99,2.07,2.22,1.92,22.36,0,0,51.02682582466949,0.0,58.88556363118142,0.0,98.48262359275576,5142252,53837,53034,10286110,53032,0,3.14.7,off,
app,5,55,uringpy-app,thread,4,13,0,ok,291285.55,20.01,5828344,1.31,1.47,1.62,1.96,1.33,31.67,0,0,69.81654328934664,0.0,97.28228046865563,0.0,98.1159420289855,7304402,159330,158527,14610410,158527,0,3.14.7,off,
app,5,56,uringpy-app,process,1,13,0,ok,124203.17,20.01,2485795,3.2,3.24,3.29,3.41,3.41,13.5,0,0,32.365145228215766,0.0,29.069605244804016,0.0,98.0440097799511,3104387,16820,16017,6210380,16016,0,3.14.7,off,
app,5,57,asyncio-app,thread,4,13,0,ok,150490.41,20.1,3024259,2.66,2.77,2.86,3.08,3.05,16.36,0,0,47.53377316996544,0.0,98.18536110096213,0.0,98.49001461276181,,,,,,,3.14.7,off,
app,5,58,asyncio-app,thread,2,13,0,ok,95270.32,20.1,1914943,4.2,4.36,4.44,4.61,4.59,10.36,0,0,30.586046511627906,0.0,53.17016013539904,0.0,98.14905017048223,,,,,,,3.14.7,off,
app,5,59,uringpy-app,thread,2,13,0,ok,202301.4,20.1,4066272,1.92,2.06,2.16,2.33,1.94,21.99,0,0,51.10689437065149,0.0,57.9685746352413,0.0,98.44130540672187,5049175,56229,55426,10099956,55426,0,3.14.7,off,
app,5,60,asyncio-app,process,4,13,0,ok,155543.61,20.01,3112314,2.56,2.76,3.02,3.2,2.56,16.91,0,0,50.62373991935484,0.0,97.33124018838305,0.0,98.16336394393427,,,,,,,3.14.7,off,
