experiment,rep,order,engine,mode,workers,resp_size,max_batch,handler_work,conns,status,rps,duration_s,requests,lat_p50_ms,lat_p75_ms,lat_p90_ms,lat_p99_ms,lat_avg_ms,transfer_mb_s,socket_errors,non_2xx,client_cpu_pct,client_steal_pct,server_cpu_pct,server_steal_pct,server_max_core_pct,srv_requests,srv_syscalls,srv_enters,srv_completions,srv_waits,srv_handler_errors,srv_handler_calls,srv_gil_hold_ns,srv_gil_wait_ns,srv_gil_acquires,srv_gil_releases,srv_cpu_ns,srv_nvcsw,srv_nivcsw,srv_python,srv_gil,note,srv_gil_switches,rate,lat_p999_ms
openloop,1,1,uringpy-app,process,4,13,0,0,400,ok,277361.41,30.0,8320696,930.82,2200.0,2940.0,3750.0,1270.0,30.15,0,0,67.22262820788376,0.0,97.87268726057543,0.0,98.37027379400261,9600713,232372,231569,19203032,231565,0,9600713,0,0,9600713,,138194928105,13205,2072,3.14.7,on,,8,300000,3850.0
openloop,1,2,uringpy-app-batch,process,4,13,0,0,400,ok,99224.03,30.0,2976785,1.13,1.62,1.97,2.36,1.19,10.79,0,0,30.53208773354996,0.0,40.676304827248224,0.0,41.073738680465716,3442822,824239,823436,6887250,823432,0,3442822,0,0,563471,,52828152800,245770,245,3.14.7,on,,8,100000,2.72
openloop,1,3,uringpy-app-batch,thread,4,13,0,0,400,ok,264683.93,30.0,7940366,579.07,3320.0,5320.0,7280.0,1950.0,28.78,0,0,63.846324672440595,0.0,93.10685201941268,0.0,95.53017944535074,9237224,220196,219393,18476054,219393,0,9237224,0,0,208981,,128964083486,130635,1464,3.14.7,on,,200630,300000,7500.0
openloop,1,4,uringpy-app,thread,4,13,0,0,400,ok,202457.71,30.0,6073611,3490.0,4510.0,5950.0,8080.0,3600.0,22.01,0,0,49.995746490854955,0.0,85.57963354474983,0.0,87.0979020979021,7008614,151136,150333,14018834,150333,0,7008614,0,0,7008614,,112119164635,2140236,1550,3.14.7,on,,590800,250000,8380.0
openloop,1,5,uringpy-app,process,4,13,0,0,400,ok,248967.96,30.0,7468821,1.5,1.91,2.49,3.41,1.6,27.07,0,0,42.91679459625422,0.0,88.47300924545183,0.0,91.81902696002479,8605827,595287,594484,17213260,594480,0,8605827,0,0,8605827,,119477104577,150679,1499,3.14.7,on,,8,250000,14.36
openloop,1,6,uringpy-app,process,4,13,0,0,400,ok,9890.47,30.0,296721,0.93,1.29,1.58,2.05,0.96,1.08,0,0,4.026006501625407,0.0,6.709158000670916,0.0,6.936997319034853,344618,376655,375852,690842,375848,0,344618,0,0,344618,,7789379316,170517,35,3.14.7,on,,8,10000,2.28
openloop,1,7,uringpy-app-batch,thread,4,13,0,0,400,ok,24804.21,30.01,744370,0.91,1.21,1.46,1.88,0.92,2.7,0,0,10.948783929609032,0.0,14.35897435897436,0.0,15.06377111340917,863801,862332,861529,1729208,861529,0,863801,0,0,496155,,20210587650,601828,56,3.14.7,on,,439940,25000,2.2
openloop,1,8,uringpy-app,thread,4,13,0,0,400,ok,148833.13,30.0,4464901,2.14,3.02,3.94,5.53,2.36,16.18,0,0,38.75900417035258,0.0,75.55755248754187,0.0,75.95557007513884,5196695,240159,239356,10394996,239356,0,5196695,0,0,5196695,,94256523272,3001264,926,3.14.7,on,,752750,150000,7.32
openloop,1,9,uringpy-app,thread,4,13,0,0,400,ok,99227.78,30.0,2976770,1.73,2.43,3.14,4.45,1.87,10.79,0,0,24.85201949860724,0.0,56.962647444298824,0.0,58.094928478543565,3442705,311751,310948,6887016,310948,0,3442705,0,0,3442705,,68850489190,2792968,748,3.14.7,on,,672944,100000,5.26
openloop,1,10,uringpy-app-batch,process,4,13,0,0,400,ok,24713.38,30.01,741616,0.93,1.22,1.44,1.9,0.93,2.69,0,0,10.118776641973264,0.0,11.165860096788386,0.0,11.997201818817768,863766,896248,895445,1729138,895441,0,863766,0,0,503509,,17408133780,381519,48,3.14.7,on,,8,25000,2.19
openloop,1,11,uringpy-app,process,4,13,0,0,400,ok,49798.87,30.0,1493955,1.02,1.41,1.69,2.09,1.05,5.41,0,0,18.520961292716105,0.0,17.879789229257838,0.0,18.605478477410173,1727068,802744,801941,3455742,801937,0,1727068,0,0,1727068,,29717374868,307518,73,3.14.7,on,,8,50000,2.37
openloop,1,12,uvloop-proto-app,process,4,13,0,0,400,ok,49614.9,30.0,1488480,0.98,1.35,1.64,2.06,1.02,5.39,0,0,18.533563105202692,0.0,20.354943860919956,0.0,20.5658324265506,,,,,,,,,,,,32722642745,357517,123,3.14.7,on,,8,50000,2.35
openloop,1,13,uringpy-app-batch,process,4,13,0,0,400,ok,9854.09,30.0,295637,0.97,1.32,1.62,2.05,0.99,1.07,0,0,3.8389552052572475,0.0,7.1404903909874085,0.0,7.3754152823920265,343575,379723,378920,688756,378916,0,343575,0,0,210014,,7769868258,164572,24,3.14.7,on,,8,10000,2.3
openloop,1,14,uringpy-app,process,4,13,0,0,400,ok,99224.12,30.0,2976713,1.13,1.59,1.95,2.31,1.19,10.79,0,0,30.6364044576887,0.0,40.865659452837896,0.0,41.61490683229814,3442775,788998,788195,6887156,788191,0,3442775,0,0,3442775,,52797714005,264945,264,3.14.7,on,,8,100000,2.66
openloop,1,15,uvloop-proto-app,process,4,13,0,0,400,ok,9927.44,30.0,297841,0.92,1.26,1.52,1.98,0.94,1.08,0,0,4.489693732788116,0.0,7.6474993758841645,0.0,7.9492317969271875,,,,,,,,,,,,8308782211,187257,12,3.14.7,on,,8,10000,2.28
openloop,1,16,uvloop-proto-app,process,4,13,0,0,400,ok,211234.04,30.0,6336918,2810.0,3810.0,4630.0,6090.0,2800.0,22.97,0,0,63.29443945805018,0.0,97.96018677807815,0.0,98.1639344262295,,,,,,,,,,,,137514660542,10392,1784,3.14.7,on,,8,250000,6920.0
openloop,1,17,uringpy-app-batch,process,4,13,0,0,400,ok,273631.72,30.0,8208813,1040.0,2300.0,3700.0,4970.0,1420.0,29.75,0,0,65.19334448782301,0.0,97.1477189854955,0.0,98.14513504718516,9558735,321724,320921,19119076,320917,0,9558735,0,0,280369,,137632651797,25480,1816,3.14.7,on,,8,300000,5090.0
openloop,1,18,uringpy-app,process,4,13,0,0,400,ok,148284.73,30.0,4448407,1.35,1.85,2.29,2.89,1.43,16.12,0,0,35.36797890879843,0.0,59.99405558032397,0.0,61.041666666666664,5180212,746107,745304,10362030,745300,0,5180212,0,0,5180212,,75301538421,233325,520,3.14.7,on,,8,150000,3.21
openloop,1,19,uringpy-app-batch,process,4,13,0,0,400,ok,148833.0,30.0,4464866,1.36,1.87,2.31,2.89,1.44,16.18,0,0,34.48929829314549,0.0,59.47483588621444,0.0,60.54481546572935,5180207,797037,796234,10362020,796230,0,5180207,0,0,561058,,74301187027,220289,548,3.14.7,on,,8,150000,3.19
openloop,1,20,uringpy-app-batch,process,4,13,0,0,400,ok,49613.44,30.0,1488464,1.02,1.41,1.7,2.12,1.06,5.39,0,0,18.132455779514604,0.0,19.398590166859996,0.0,20.249110320284696,1727081,955639,954836,3455768,954832,0,1727081,0,0,599113,,30220604956,339526,68,3.14.7,on,,8,50000,2.38
openloop,1,21,uringpy-app,thread,4,13,0,0,400,ok,49431.17,30.0,1482994,1.21,1.66,2.05,2.68,1.26,5.37,0,0,16.00522964025136,0.0,29.433051869722558,0.0,30.268595041322314,1727114,505309,504506,3455834,504506,0,1727114,0,0,1727114,,38248442153,1358583,208,3.14.7,on,,436916,50000,3.12
openloop,1,22,uringpy-app,thread,4,13,0,0,400,ok,24902.66,30.0,747076,0.94,1.28,1.53,1.95,0.96,2.71,0,0,12.019012192601778,0.0,13.231734648139847,0.0,13.578047042052743,866455,767595,766792,1734516,766792,0,866455,0,0,866455,,20992201180,732244,66,3.14.7,on,,403705,25000,2.24
openloop,1,23,uvloop-proto-app,process,4,13,0,0,400,ok,24803.91,30.01,744347,0.88,1.2,1.44,1.91,0.91,2.7,0,0,10.68638856573043,0.0,11.717029336622325,0.0,12.21830985915493,,,,,,,,,,,,18554400944,392511,45,3.14.7,on,,8,25000,2.26
openloop,1,24,uringpy-app,process,4,13,0,0,400,ok,24903.04,30.0,747089,0.91,1.24,1.47,1.86,0.92,2.71,0,0,11.38110072689512,0.0,10.0340440781222,0.0,10.83006768792305,866479,890763,889960,1734564,889956,0,866479,0,0,866479,,17453098972,399080,37,3.14.7,on,,8,25000,2.16
openloop,1,25,uvloop-proto-app,process,4,13,0,0,400,ok,148834.01,30.0,4464935,1.34,1.86,2.31,2.97,1.43,16.18,0,0,39.39488459139114,0.0,67.98951430859972,0.0,69.70501474926253,,,,,,,,,,,,87689901581,189491,743,3.14.7,on,,8,150000,3.47
openloop,1,26,uringpy-app-batch,process,4,13,0,0,400,ok,244949.44,30.0,7348269,1.51,1120.0,1670.0,1990.0,440.43,26.63,0,0,48.125,0.0,91.14071091148455,0.0,98.0295566502463,8519863,691152,690349,17041332,690345,0,8519863,0,0,510881,,124070839179,153913,1466,3.14.7,on,,8,250000,2020.0
openloop,1,27,uringpy-app,process,4,13,0,0,400,ok,198442.02,30.0,5953357,1.47,1.99,2.57,3.32,1.57,21.57,0,0,40.57956729584545,0.0,73.88900701679779,0.0,76.398243045388,6929025,581582,580779,13859656,580775,0,6929025,0,0,6929025,,95559311163,164422,984,3.14.7,on,,8,200000,3.77
openloop,1,28,uringpy-app-batch,thread,4,13,0,0,400,ok,49430.79,30.0,1482984,1.06,1.46,1.76,2.19,1.09,5.37,0,0,16.92846131411191,0.0,24.438004917456972,0.0,24.88608482299334,1721560,816668,815865,3444726,815865,0,1721560,0,0,526811,,33836835580,690545,124,3.14.7,on,,480864,50000,2.46
openloop,1,29,uringpy-app-batch,thread,4,13,0,0,400,ok,9927.81,30.0,297842,0.92,1.25,1.5,1.99,0.93,1.08,0,0,4.350725120853475,0.0,7.382550335570469,0.0,7.637954239569313,343549,390305,389502,688704,389502,0,343549,0,0,215801,,8959964997,260836,24,3.14.7,on,,189111,10000,2.25
openloop,1,30,uringpy-app,thread,4,13,0,0,400,ok,190026.12,30.0,5700718,16.64,1350.0,2140.0,2670.0,697.89,20.66,0,0,47.04978881351593,0.0,83.38538955405171,0.0,84.67966573816156,6646610,165883,165080,13294826,165080,0,6646610,0,0,6646610,,107939356319,2412694,1177,3.14.7,on,,628623,200000,2720.0
openloop,1,31,uringpy-app,thread,4,13,0,0,400,ok,207612.95,30.0,6228289,5880.0,7360.0,8250.0,9890.0,5930.0,22.57,0,0,52.323755358431306,0.0,85.46037801283163,0.0,85.65488565488566,7230246,155201,154398,14462098,154398,0,7230246,0,0,7230246,,112769349127,2044136,1410,3.14.7,on,,567884,300000,10150.0
openloop,1,32,uringpy-app,thread,4,13,0,0,400,ok,9927.2,30.0,297838,0.92,1.25,1.52,2.02,0.94,1.08,0,0,4.650676917934147,0.0,7.584695769425249,0.0,7.793522267206478,346857,384718,383915,695320,383915,0,346857,0,0,346857,,9007767239,288846,34,3.14.7,on,,186307,10000,2.34
openloop,1,33,uvloop-proto-app,process,4,13,0,0,400,ok,212502.36,30.0,6374970,5300.0,7360.0,8720.0,10180.0,5450.0,23.1,0,0,63.957430373771615,0.0,97.96900489396411,0.0,98.50016302575807,,,,,,,,,,,,139086145928,3759,1971,3.14.7,on,,8,300000,11090.0
openloop,1,34,uringpy-app-batch,thread,4,13,0,0,400,ok,198444.76,30.0,5953208,1.64,2.18,2.83,3.71,1.74,21.57,0,0,43.16953949060972,0.0,74.79094579008074,0.0,77.23292469352015,6928647,412708,411905,13858900,411905,0,6928647,0,0,315475,,94619866770,351891,883,3.14.7,on,,282169,200000,4.24
openloop,1,35,uringpy-app-batch,thread,4,13,0,0,400,ok,99218.52,30.0,2976657,1.37,1.86,2.29,2.83,1.42,10.79,0,0,23.984201207608844,0.0,46.378662659654395,0.0,47.01827989211867,3464678,567297,566494,6930962,566494,0,3464678,0,0,398298,,52806081842,537038,300,3.14.7,on,,363831,100000,3.09
openloop,1,36,uringpy-app-batch,process,4,13,0,0,400,ok,198439.17,30.0,5953022,1.43,1.94,2.52,3.28,1.53,21.57,0,0,42.27748691099477,0.0,74.74534597822269,0.0,78.06018112766579,6884921,722832,722029,13771448,722025,0,6884921,0,0,516574,,95316411984,186405,927,3.14.7,on,,8,200000,3.75
openloop,1,37,uvloop-proto-app,process,4,13,0,0,400,ok,99223.23,30.0,2976801,1.18,1.62,1.97,2.44,1.23,10.79,0,0,31.267897904129487,0.0,47.4288840262582,0.0,47.932330827067666,,,,,,,,,,,,59864478850,221717,315,3.14.7,on,,8,100000,2.73
openloop,1,38,uvloop-proto-app,process,4,13,0,0,400,ok,198052.14,30.0,5941426,1.44,45.5,274.94,1020.0,79.48,21.53,0,0,50.883301756362336,0.0,89.55392009612497,0.0,95.49376797698946,,,,,,,,,,,,121815529170,140952,1603,3.14.7,on,,8,200000,1670.0
openloop,1,39,uringpy-app-batch,thread,4,13,0,0,400,ok,248053.99,30.0,7441489,1.67,2.5,180.61,307.2,31.2,26.97,0,0,55.569347004856986,0.0,89.69024503005086,0.0,91.56026160074742,8660895,420619,419816,17323396,419816,0,8660895,0,0,326573,,119915591482,287623,1297,3.14.7,on,,285253,250000,321.79
openloop,1,40,uringpy-app-batch,thread,4,13,0,0,400,ok,149380.9,30.0,4481318,1.51,2.1,2.64,3.31,1.63,16.24,0,0,32.45717660956881,0.0,62.20231748062842,0.0,63.130881094952954,5196660,461221,460418,10394926,460418,0,5196660,0,0,337404,,73976139373,417181,454,3.14.7,on,,302701,150000,3.7
openloop,2,41,uringpy-app-batch,process,4,13,0,0,400,ok,148834.64,30.0,4464975,1.35,1.87,2.32,2.92,1.44,16.18,0,0,35.920528602461985,0.0,61.89371420285652,0.0,63.801701378703434,5180288,813786,812983,10362182,812979,0,5180288,0,0,574287,,77296509746,223276,578,3.14.7,on,,8,150000,3.24
openloop,2,42,uringpy-app,process,4,13,0,0,400,ok,9928.31,30.0,297868,0.92,1.26,1.52,1.97,0.93,1.08,0,0,4.596117720726362,0.0,7.114657706845863,0.0,7.43606998654105,344643,422586,421783,690892,421779,0,344643,0,0,344643,,7973534646,194003,26,3.14.7,on,,8,10000,2.22
openloop,2,43,uringpy-app,thread,4,13,0,0,400,ok,9964.63,30.0,298959,0.92,1.26,1.51,1.94,0.93,1.08,0,0,5.121338912133891,0.0,8.258258258258259,0.0,8.59819337571094,344639,409161,408358,690884,408358,0,344639,0,0,344639,,9196548416,306086,30,3.14.7,on,,198106,10000,2.18
openloop,2,44,uringpy-app-batch,thread,4,13,0,0,400,ok,9927.57,30.0,297845,0.96,1.31,1.58,2.02,0.97,1.08,0,0,5.14083037763405,0.0,8.118081180811808,0.0,8.434139784946236,345736,418761,417958,693078,417958,0,345736,0,0,230903,,9021566824,275549,25,3.14.7,on,,201623,10000,2.23
openloop,2,45,uringpy-app-batch,thread,4,13,0,0,400,ok,264699.98,30.0,7940812,1420.0,2600.0,5570.0,7430.0,2000.0,28.78,0,0,66.1789724396053,0.0,93.56834649515591,0.0,95.24894240156199,9268460,198713,197910,18538526,197910,0,9268460,0,0,194423,,129008643140,113050,1448,3.14.7,on,,193019,300000,7610.0
openloop,2,46,uringpy-app-batch,process,4,13,0,0,400,ok,276491.83,30.0,8294551,730.62,1430.0,4090.0,5570.0,1310.0,30.06,0,0,64.26618049225159,0.0,98.35043085761181,0.0,98.4878369493754,9545111,287468,286665,19091828,286661,0,9545111,0,0,257576,,137613950327,18797,1822,3.14.7,on,,8,300000,5700.0
openloop,2,47,uringpy-app,process,4,13,0,0,400,ok,49799.19,30.0,1493975,1.04,1.43,1.73,2.14,1.07,5.41,0,0,19.342359767891683,0.0,18.813198509845662,0.0,19.48699679372996,1732557,831681,830878,3466720,830874,0,1732557,0,0,1732557,,30132001985,316492,101,3.14.7,on,,8,50000,2.39
openloop,2,48,uvloop-proto-app,process,4,13,0,0,400,ok,49247.85,30.0,1477481,1.08,1.45,1.75,2.12,1.09,5.35,0,0,16.693545052309474,0.0,22.37039653801996,0.0,22.90562036055143,,,,,,,,,,,,33017987700,343744,92,3.14.7,on,,8,50000,2.33
openloop,2,49,uringpy-app,process,4,13,0,0,400,ok,247138.62,30.0,7413982,1.52,1.95,2.51,3.27,1.6,26.87,0,0,43.933998100664766,0.0,86.89420803782505,0.0,88.1441763479297,8605887,554221,553418,17213380,553414,0,8605887,0,0,8605887,,117698346359,139961,1597,3.14.7,on,,8,250000,5.11
openloop,2,50,uringpy-app-batch,thread,4,13,0,0,400,ok,49614.93,30.0,1488493,1.04,1.44,1.75,2.17,1.09,5.39,0,0,18.12843733201009,0.0,24.56726122484843,0.0,25.324447562258857,1732579,793090,792287,3466764,792287,0,1732579,0,0,514558,,34211082228,690932,172,3.14.7,on,,471179,50000,2.42
openloop,2,51,uringpy-app,thread,4,13,0,0,400,ok,49799.08,30.0,1493975,1.21,1.66,2.05,2.68,1.26,5.41,0,0,16.39923387954884,0.0,28.92860211358364,0.0,29.443875810303652,1727089,488984,488181,3455784,488181,0,1727089,0,0,1727089,,37345886884,1374451,210,3.14.7,on,,434818,50000,3.02
openloop,2,52,uringpy-app,thread,4,13,0,0,400,ok,24712.73,30.01,741618,1.06,1.43,1.81,2.48,1.09,2.69,0,0,10.063990692262944,0.0,13.827637705350083,0.0,14.31578947368421,855585,598178,597375,1712776,597375,0,855585,0,0,855585,,20133204574,685048,79,3.14.7,on,,338564,25000,2.83
openloop,2,53,uvloop-proto-app,process,4,13,0,0,400,ok,210848.58,30.0,6325366,2790.0,4120.0,5260.0,6860.0,2630.0,22.92,0,0,62.28085252664146,0.0,97.43193823648923,0.0,98.37345478204294,,,,,,,,,,,,137536669301,11893,1805,3.14.7,on,,8,250000,8000.0
openloop,2,54,uringpy-app-batch,thread,4,13,0,0,400,ok,99591.2,30.0,2987699,1.36,1.87,2.29,2.84,1.42,10.83,0,0,24.591268415379087,0.0,44.26868408986704,0.0,45.10703363914373,3442731,510462,509659,6887068,509659,0,3442731,0,0,357325,,51746782152,495376,351,3.14.7,on,,327899,100000,3.09
openloop,2,55,uringpy-app,process,4,13,0,0,400,ok,276337.42,30.0,8289959,205.44,1920.0,4120.0,5750.0,1260.0,30.04,0,0,65.56062491359049,0.0,97.74540126973791,0.0,98.36974241930226,9605809,250133,249330,19213224,249326,0,9605809,0,0,9605809,,138140320892,14875,1817,3.14.7,on,,8,300000,5920.0
openloop,2,56,uringpy-app,process,4,13,0,0,400,ok,99591.59,30.0,2987795,1.2,1.69,2.06,2.64,1.27,10.83,0,0,29.708233742685238,0.0,41.029653391753385,0.0,41.28125,3464706,533740,532937,6931018,532933,0,3464706,0,0,3464706,,50802473397,169920,234,3.14.7,on,,8,100000,2.87
openloop,2,57,uringpy-app-batch,process,4,13,0,0,400,ok,49615.16,30.0,1488485,1.01,1.39,1.67,2.07,1.04,5.39,0,0,17.99061573921633,0.0,20.066161748063028,0.0,20.828979449669106,1721606,895128,894325,3444818,894321,0,1721606,0,0,562939,,29640124916,316722,104,3.14.7,on,,8,50000,2.37
openloop,2,58,uringpy-app,process,4,13,0,0,400,ok,199173.25,30.0,5975143,1.52,2.05,2.62,3.33,1.61,21.65,0,0,41.43275274698911,0.0,72.727935281685,0.0,74.20410592085689,6950776,493429,492626,13903158,492622,0,6950776,0,0,6950776,,95119183066,132866,1031,3.14.7,on,,8,200000,3.73
openloop,2,59,uringpy-app-batch,thread,4,13,0,0,400,ok,243028.16,30.0,7290688,174.59,644.61,932.35,1210.0,336.94,26.42,0,0,50.27084979121995,0.0,90.85448866821494,0.0,94.18453541260558,8480236,360967,360164,16962078,360164,0,8480236,0,0,288010,,122984405456,237114,1452,3.14.7,on,,252260,250000,1240.0
openloop,2,60,uringpy-app-batch,process,4,13,0,0,400,ok,99224.95,30.0,2976714,1.13,1.59,1.91,2.3,1.19,10.79,0,0,31.071054117267522,0.0,38.82460667610089,0.0,40.70533948582729,3464655,743716,742913,6930916,742909,0,3464655,0,0,507898,,52324972472,221979,248,3.14.7,on,,8,100000,2.61
openloop,2,61,uringpy-app,thread,4,13,0,0,400,ok,99220.64,30.0,2976575,1.77,2.54,3.29,4.63,1.94,10.79,0,0,24.385757456313232,0.0,57.49918752031199,0.0,59.28085519922254,3453585,303737,302934,6908776,302934,0,3453585,0,0,3453585,,69385485093,2765107,603,3.14.7,on,,661636,100000,5.46
openloop,2,62,uringpy-app,process,4,13,0,0,400,ok,24713.02,30.01,741628,0.88,1.21,1.5,2.06,0.93,2.69,0,0,10.425602111514351,0.0,13.244919049259387,0.0,14.251373626373626,863795,823041,822238,1729196,822234,0,863795,0,0,863795,,17707223000,363963,38,3.14.7,on,,8,25000,2.35
openloop,2,63,uvloop-proto-app,process,4,13,0,0,400,ok,207307.41,30.0,6219094,5130.0,6570.0,9580.0,13370.0,5620.0,22.54,0,0,60.75736687920041,0.0,97.88847219957606,0.0,98.33822091886609,,,,,,,,,,,,139008959464,4496,1864,3.14.7,on,,8,300000,14160.0
openloop,2,64,uringpy-app-batch,thread,4,13,0,0,400,ok,24903.36,30.0,747091,0.91,1.25,1.47,1.89,0.92,2.71,0,0,11.367599435356638,0.0,12.351244139920663,0.0,12.851985559566787,858169,873620,872817,1717944,872817,0,858169,0,0,494651,,20141911194,615816,49,3.14.7,on,,440053,25000,2.16
openloop,2,65,uringpy-app-batch,process,4,13,0,0,400,ok,24805.23,30.01,744363,0.94,1.26,1.49,1.92,0.94,2.7,0,0,10.186997626088043,0.0,11.078001752848378,0.0,11.19718309859155,863746,872724,871921,1729098,871917,0,863746,0,0,489770,,17677732857,372583,55,3.14.7,on,,8,25000,2.19
openloop,2,66,uvloop-proto-app,process,4,13,0,0,400,ok,24713.05,30.01,741628,0.92,1.22,1.47,2.01,0.94,2.69,0,0,9.85581917147962,0.0,11.647121535181236,0.0,12.100780695528744,,,,,,,,,,,,18673906481,366942,38,3.14.7,on,,8,25000,2.3
openloop,2,67,uringpy-app-batch,thread,4,13,0,0,400,ok,196978.63,30.0,5909370,1.62,2.16,2.77,3.65,1.72,21.42,0,0,39.526707944170425,0.0,74.30750413698827,0.0,76.45001457301079,6840959,403298,402495,13683524,402495,0,6840959,0,0,307504,,94215180332,334366,811,3.14.7,on,,275353,200000,4.22
openloop,2,68,uringpy-app,thread,4,13,0,0,400,ok,191095.15,30.0,5732708,469.25,1330.0,1730.0,2170.0,697.04,20.78,0,0,47.106590306863836,0.0,84.02003973395526,0.0,85.35911602209944,6703765,175074,174271,13409136,174271,0,6703765,0,0,6703765,,109188541368,2328345,1471,3.14.7,on,,621109,200000,2200.0
openloop,2,69,uvloop-proto-app,process,4,13,0,0,400,ok,9890.56,30.0,296734,0.93,1.28,1.59,2.03,0.95,1.08,0,0,4.181908879281676,0.0,7.273635153129161,0.0,7.625994694960212,,,,,,,,,,,,8181999489,166558,18,3.14.7,on,,8,10000,2.25
openloop,2,70,uringpy-app-batch,thread,4,13,0,0,400,ok,148831.03,30.0,4464892,1.51,2.1,2.62,3.29,1.62,16.18,0,0,29.870961386918832,0.0,61.80326668131546,0.0,64.37389770723104,5163862,481358,480555,10329330,480555,0,5163862,0,0,353063,,74789363346,438767,519,3.14.7,on,,317046,150000,3.7
openloop,2,71,uvloop-proto-app,process,4,13,0,0,400,ok,197709.91,30.0,5931202,1.45,2.04,3.01,121.73,5.48,21.49,0,0,41.58371795584719,0.0,87.15391485561179,0.0,88.5122975404919,,,,,,,,,,,,118773131334,105231,1486,3.14.7,on,,8,200000,290.05
openloop,2,72,uringpy-app-batch,process,4,13,0,0,400,ok,199172.1,30.0,5975040,1.46,1.98,2.56,3.28,1.56,21.65,0,0,39.579848469939975,0.0,73.5857204548726,0.0,74.35747663551402,6950587,596511,595708,13902780,595704,0,6950587,0,0,433264,,96070444580,145439,1019,3.14.7,on,,8,200000,3.67
openloop,2,73,uringpy-app,thread,4,13,0,0,400,ok,148831.53,30.0,4464931,2.17,3.08,3.98,5.41,2.39,16.18,0,0,37.756138865368335,0.0,75.19552152794928,0.0,77.88811651770936,5196684,228096,227293,10394974,227293,0,5196684,0,0,5196684,,94197161446,3074399,899,3.14.7,on,,736786,150000,6.87
openloop,2,74,uringpy-app,process,4,13,0,0,400,ok,149381.43,30.0,4481414,1.32,1.85,2.28,2.9,1.41,16.24,0,0,34.99184698779251,0.0,57.86495662014334,0.0,58.841188832182524,5180233,598904,598101,10362072,598097,0,5180233,0,0,5180233,,73510931935,199654,521,3.14.7,on,,8,150000,3.23
openloop,2,75,uringpy-app-batch,process,4,13,0,0,400,ok,9964.81,30.0,298959,0.88,1.19,1.43,1.92,0.88,1.08,0,0,4.427105065509472,0.0,6.92281935375858,0.0,7.741286863270777,347962,442169,441366,697530,441362,0,347962,0,0,238174,,8141243545,199259,55,3.14.7,on,,8,10000,2.13
openloop,2,76,uringpy-app,thread,4,13,0,0,400,ok,202214.32,30.0,6066285,5970.0,7870.0,9500.0,10670.0,6190.0,21.98,0,0,49.39047863467214,0.0,85.48826579941988,0.0,86.51488616462346,7011129,148453,147650,14023864,147650,0,7011129,0,0,7011129,,111980108142,2122052,1337,3.14.7,on,,574858,300000,10940.0
openloop,2,77,uvloop-proto-app,process,4,13,0,0,400,ok,149383.44,30.0,4481428,1.42,1.96,2.43,3.1,1.51,16.24,0,0,37.63563417525303,0.0,66.0126862369081,0.0,67.57403529763685,,,,,,,,,,,,86578543565,140587,795,3.14.7,on,,8,150000,3.63
openloop,2,78,uringpy-app,thread,4,13,0,0,400,ok,201157.98,30.0,6034584,3710.0,5210.0,6080.0,6930.0,3750.0,21.87,0,0,49.08928038220364,0.0,85.8287122612446,0.0,86.78321678321679,6985751,148810,148007,13973108,148007,0,6985751,0,0,6985751,,112330568157,2136772,1333,3.14.7,on,,585624,250000,7160.0
openloop,2,79,uringpy-app-batch,process,4,13,0,0,400,ok,248965.68,30.0,7468827,1.57,2.32,37.85,143.36,12.01,27.07,0,0,44.204802346184394,0.0,90.44039483675019,0.0,93.94130640580624,8660851,577613,576810,17323308,576806,0,8660851,0,0,431617,,123133757763,124980,1402,3.14.7,on,,8,250000,161.92
openloop,2,80,uvloop-proto-app,process,4,13,0,0,400,ok,99591.34,30.0,2987765,1.34,1.8,2.2,2.67,1.38,10.83,0,0,27.66872231390602,0.0,46.77656528132498,0.0,47.38317757009346,,,,,,,,,,,,58502196452,140779,335,3.14.7,on,,8,100000,2.86
openloop,3,81,uringpy-app,process,4,13,0,0,400,ok,198440.33,30.0,5953259,1.48,2.0,2.56,3.28,1.58,21.57,0,0,38.503275002444035,0.0,73.07553045115505,0.0,74.84517841344736,6906948,501792,500989,13815502,500985,0,6906948,0,0,6906948,,95729394203,136940,929,3.14.7,on,,8,200000,3.64
openloop,3,82,uringpy-app-batch,thread,4,13,0,0,400,ok,148282.54,30.0,4448482,1.48,2.07,2.59,3.24,1.6,16.12,0,0,30.156348322764895,0.0,62.34153616703952,0.0,62.75738585496867,5163900,526332,525529,10329406,525529,0,5163900,0,0,384788,,75945075425,471307,524,3.14.7,on,,347131,150000,3.64
openloop,3,83,uringpy-app-batch,process,4,13,0,0,400,ok,99592.04,30.0,2987684,1.16,1.64,2.03,2.56,1.23,10.83,0,0,29.73118057562869,0.0,41.399011735639284,0.0,43.30877839165132,3475556,556123,555320,6952718,555316,0,3475556,0,0,396277,,51136498950,148792,285,3.14.7,on,,8,100000,2.86
openloop,3,84,uringpy-app,process,4,13,0,0,400,ok,247136.22,30.0,7413950,1.5,1.94,2.64,12.88,1.87,26.87,0,0,40.08921279135515,0.0,90.83799739323776,0.0,94.34022257551669,8633397,550031,549228,17268400,549224,0,8633397,0,0,8633397,,123329564811,131116,1642,3.14.7,on,,8,250000,19.26
openloop,3,85,uvloop-proto-app,process,4,13,0,0,400,ok,98857.23,30.0,2965847,1.11,1.57,1.91,2.37,1.17,10.75,0,0,30.18544816640214,0.0,46.114754098360656,0.0,47.039364869335095,,,,,,,,,,,,60743400921,287854,255,3.14.7,on,,8,100000,2.65
openloop,3,86,uvloop-proto-app,process,4,13,0,0,400,ok,208424.94,30.0,6252613,5500.0,6980.0,8550.0,11510.0,5720.0,22.66,0,0,61.333333333333336,0.0,98.45585215605749,0.0,98.62023653088042,,,,,,,,,,,,139006266080,5282,1700,3.14.7,on,,8,300000,12480.0
openloop,3,87,uvloop-proto-app,process,4,13,0,0,400,ok,148284.48,30.0,4448512,1.36,1.87,2.31,2.91,1.44,16.12,0,0,39.946286267776166,0.0,68.60473535587575,0.0,70.36384976525821,,,,,,,,,,,,88389587095,205237,721,3.14.7,on,,8,150000,3.32
openloop,3,88,uvloop-proto-app,process,4,13,0,0,400,ok,198446.53,30.0,5953217,1.46,1.93,2.54,3.68,1.65,21.57,0,0,41.53957073928235,0.0,86.48028991938466,0.0,89.58014097456329,,,,,,,,,,,,117014054132,109259,1453,3.14.7,on,,8,200000,48.83
openloop,3,89,uringpy-app,thread,4,13,0,0,400,ok,24903.05,30.0,747084,0.93,1.26,1.5,1.92,0.94,2.71,0,0,11.63475089115477,0.0,14.715894213144802,0.0,16.229450856942986,863730,736558,735755,1729066,735755,0,863730,0,0,863730,,20898063155,719596,93,3.14.7,on,,390598,25000,2.22
openloop,3,90,uringpy-app,process,4,13,0,0,400,ok,9927.8,30.0,297851,0.91,1.23,1.47,1.94,0.91,1.08,0,0,4.245027313289688,0.0,6.716103480239319,0.0,6.9290279179280185,344673,398899,398096,690952,398092,0,344673,0,0,344673,,7863655412,182530,39,3.14.7,on,,8,10000,2.18
openloop,3,91,uvloop-proto-app,process,4,13,0,0,400,ok,9927.63,30.0,297840,0.91,1.25,1.49,1.96,0.93,1.08,0,0,4.43072301723059,0.0,7.089583507919215,0.0,7.550335570469799,,,,,,,,,,,,8395150528,181004,13,3.14.7,on,,8,10000,2.19
openloop,3,92,uringpy-app-batch,process,4,13,0,0,400,ok,49430.72,30.0,1482997,0.99,1.39,1.69,2.09,1.04,5.37,0,0,17.60910659981918,0.0,22.0396452790819,0.0,22.728842832469777,1721624,955762,954959,3444854,954955,0,1721624,0,0,599202,,30945915220,339742,119,3.14.7,on,,8,50000,2.38
openloop,3,93,uringpy-app,thread,4,13,0,0,400,ok,9927.51,30.0,297839,0.92,1.29,1.57,2.08,0.95,1.08,0,0,4.280350438047559,0.0,7.902226686757073,0.0,8.13525276196853,344647,360098,359295,690900,359295,0,344647,0,0,344647,,9288230491,290128,65,3.14.7,on,,176342,10000,2.43
openloop,3,94,uringpy-app-batch,process,4,13,0,0,400,ok,270461.74,30.0,8113729,1660.0,3510.0,4720.0,5230.0,1820.0,29.4,0,0,58.81564844587353,0.0,97.51077849182461,0.0,98.75041104899704,9370586,391153,390350,18742778,390346,0,9370586,0,0,327151,,136940898956,41945,1800,3.14.7,on,,8,300000,5240.0
openloop,3,95,uringpy-app,thread,4,13,0,0,400,ok,192340.74,30.0,5770187,83.39,214.53,2410.0,3600.0,576.92,20.91,0,0,48.219955128476485,0.0,83.67258927031223,0.0,86.2859097127223,6690039,159638,158835,13381684,158835,0,6690039,0,0,6690039,,109085942909,2325896,1374,3.14.7,on,,613876,200000,3690.0
openloop,3,96,uvloop-proto-app,process,4,13,0,0,400,ok,24902.95,30.0,747089,0.91,1.24,1.46,1.85,0.92,2.71,0,0,11.240632805995004,0.0,10.984269662921347,0.0,11.457214464733262,,,,,,,,,,,,18844348300,391594,38,3.14.7,on,,8,25000,2.14
openloop,3,97,uringpy-app-batch,thread,4,13,0,0,400,ok,197708.67,30.0,5931086,1.59,2.09,2.67,3.57,1.67,21.49,0,0,41.00454754483675,0.0,75.9568345323741,0.0,78.12681791739384,6884728,458613,457810,13771062,457810,0,6884728,0,0,346870,,96234080905,388058,950,3.14.7,on,,307504,200000,4.07
openloop,3,98,uringpy-app-batch,process,4,13,0,0,400,ok,199176.72,30.0,5975169,1.5,2.03,2.62,3.34,1.6,21.65,0,0,40.318170519512805,0.0,73.34056399132321,0.0,74.89675516224189,6928755,565399,564596,13859116,564592,0,6928755,0,0,412284,,95678278659,136018,969,3.14.7,on,,8,200000,3.87
openloop,3,99,uringpy-app,thread,4,13,0,0,400,ok,204549.65,30.0,6136373,5770.0,7390.0,8990.0,11900.0,6000.0,22.24,0,0,50.679196924391285,0.0,85.6111980525126,0.0,86.44421272158499,7129080,151312,150509,14259766,150509,0,7129080,0,0,7129080,,113114565867,2041064,1443,3.14.7,on,,567594,300000,12210.0
openloop,3,100,uringpy-app,thread,4,13,0,0,400,ok,204022.87,30.0,6120552,3320.0,4870.0,6650.0,8500.0,3300.0,22.18,0,0,50.646358633047484,0.0,86.14600720372485,0.0,86.83473389355743,7098308,152265,151462,14198222,151462,0,7098308,0,0,7098308,,113007531418,2107119,1525,3.14.7,on,,576701,250000,8660.0
openloop,3,101,uringpy-app-batch,thread,4,13,0,0,400,ok,99226.87,30.0,2976703,1.36,1.83,2.26,2.81,1.4,10.79,0,0,23.08702345377162,0.0,45.682408681033166,0.0,46.587446678854356,3453640,565407,564604,6908886,564604,0,3453640,0,0,395386,,53435352976,529036,294,3.14.7,on,,361697,100000,3.03
openloop,3,102,uringpy-app-batch,process,4,13,0,0,400,ok,9964.87,30.0,298959,0.87,1.19,1.42,1.94,0.88,1.08,0,0,4.3714023525485945,0.0,6.832926110034544,0.0,7.310529845741113,345736,432726,431923,693078,431919,0,345736,0,0,233745,,7959731879,194319,23,3.14.7,on,,8,10000,2.12
openloop,3,103,uringpy-app,process,4,13,0,0,400,ok,271860.98,30.0,8155707,1220.0,1930.0,3960.0,5110.0,1510.0,29.56,0,0,64.14355477748089,0.0,97.39426901534216,0.0,98.08067664281067,9440147,256844,256041,18881900,256037,0,9440147,0,0,9440147,,137831891802,17631,1937,3.14.7,on,,8,300000,5190.0
openloop,3,104,uvloop-proto-app,process,4,13,0,0,400,ok,205229.46,30.0,6156810,3150.0,4410.0,5610.0,7330.0,3350.0,22.31,0,0,61.537466586186085,0.0,98.48746403616934,0.0,98.75041104899704,,,,,,,,,,,,138760613076,6887,1919,3.14.7,on,,8,250000,8460.0
openloop,3,105,uringpy-app-batch,thread,4,13,0,0,400,ok,265459.02,30.0,7963593,1940.0,3400.0,4780.0,6310.0,2110.0,28.86,0,0,67.3964471590176,0.0,93.57790669172319,0.0,93.9562234563868,9233412,201649,200846,18468430,200846,0,9233412,0,0,196140,,129301437240,111049,1444,3.14.7,on,,193042,300000,6450.0
openloop,3,106,uvloop-proto-app,process,4,13,0,0,400,ok,49431.71,30.0,1483006,1.0,1.35,1.63,2.06,1.03,5.37,0,0,16.90444591904446,0.0,21.94126519386035,0.0,22.834924001413928,,,,,,,,,,,,33146814706,315109,108,3.14.7,on,,8,50000,2.31
openloop,3,107,uringpy-app-batch,process,4,13,0,0,400,ok,24712.56,30.01,741614,0.92,1.21,1.43,1.89,0.93,2.69,0,0,9.85640770252324,0.0,13.62555215766225,0.0,14.479025710419485,858288,822106,821303,1718182,821299,0,858288,0,0,462328,,17538294363,350176,43,3.14.7,on,,8,25000,2.16
openloop,3,108,uringpy-app,thread,4,13,0,0,400,ok,148830.5,30.0,4464878,2.13,3.0,3.9,5.33,2.34,16.18,0,0,38.18441383943567,0.0,75.21063935238725,0.0,76.7750497677505,5163862,240293,239490,10329330,239490,0,5163862,0,0,5163862,,92984607696,3131120,1042,3.14.7,on,,751620,150000,7.11
openloop,3,109,uringpy-app,thread,4,13,0,0,400,ok,98858.85,30.0,2965778,1.59,2.22,2.88,4.28,1.74,10.75,0,0,24.890088364601922,0.0,58.24282703841789,0.0,59.3628088426528,3442859,374338,373535,6887324,373535,0,3442859,0,0,3442859,,69383394161,2681825,664,3.14.7,on,,668696,100000,5.24
openloop,3,110,uringpy-app,thread,4,13,0,0,400,ok,49615.07,30.0,1488495,1.18,1.63,2.0,2.62,1.23,5.39,0,0,16.544241810199257,0.0,29.78796759179452,0.0,30.522362581085694,1727094,502788,501985,3455794,501985,0,1727094,0,0,1727094,,38397043519,1337466,237,3.14.7,on,,436241,50000,3.01
openloop,3,111,uringpy-app-batch,process,4,13,0,0,400,ok,247140.39,30.0,7414001,1.47,1.9,2.5,3.71,1.61,26.87,0,0,46.37751100922966,0.0,88.72372372372372,0.0,94.22166087780234,8633413,684013,683210,17268432,683206,0,8633413,0,0,505185,,120768848525,155449,1699,3.14.7,on,,8,250000,21.63
openloop,3,112,uringpy-app-batch,thread,4,13,0,0,400,ok,49431.28,30.0,1482972,1.08,1.42,1.71,2.12,1.1,5.37,0,0,16.759008539887525,0.0,22.474747474747474,0.0,22.79120086548864,1716090,801304,800501,3433786,800501,0,1716090,0,0,516785,,33853833401,673667,151,3.14.7,on,,471794,50000,2.38
openloop,3,113,uringpy-app,process,4,13,0,0,400,ok,49616.0,30.0,1488467,1.06,1.43,1.72,2.1,1.08,5.39,0,0,17.89361001317523,0.0,18.670576735092865,0.0,19.363957597173144,1732521,795406,794603,3466648,794599,0,1732521,0,0,1732521,,30000776575,307435,74,3.14.7,on,,8,50000,2.37
openloop,3,114,uringpy-app-batch,thread,4,13,0,0,400,ok,24713.88,30.01,741630,0.96,1.27,1.52,2.01,0.97,2.69,0,0,9.940084879753682,0.0,14.658913383093212,0.0,14.966933518969718,863789,803802,802999,1729184,802999,0,863789,0,0,460264,,19916570948,570571,55,3.14.7,on,,408639,25000,2.26
openloop,3,115,uringpy-app-batch,thread,4,13,0,0,400,ok,9964.73,30.0,298957,0.88,1.21,1.44,1.92,0.89,1.08,0,0,4.42104383435711,0.0,7.3508312937800655,0.0,7.575245180926615,346867,431818,431015,695340,431015,0,346867,0,0,235198,,9235009278,286869,42,3.14.7,on,,205778,10000,2.14
openloop,3,116,uringpy-app-batch,process,4,13,0,0,400,ok,149384.51,30.0,4481510,1.36,1.89,2.35,2.95,1.45,16.24,0,0,33.94248735359796,0.0,59.07975916152531,0.0,60.16696481812761,5196812,682797,681994,10395230,681990,0,5196812,0,0,481275,,74928891964,188699,468,3.14.7,on,,8,150000,3.29
openloop,3,117,uringpy-app-batch,thread,4,13,0,0,400,ok,248969.14,30.0,7468910,1.44,1.74,2.03,14.06,1.71,27.07,0,0,52.541702007350864,0.0,87.88751107174491,0.0,88.41949778434268,8626507,506112,505309,17254620,505309,0,8626507,0,0,374107,,115625249509,331989,1240,3.14.7,on,,322600,250000,24.74
openloop,3,118,uringpy-app,process,4,13,0,0,400,ok,99591.18,30.0,2987704,1.2,1.69,2.07,2.66,1.26,10.83,0,0,29.449222626529938,0.0,42.45160303007116,0.0,43.327239488117,3464757,519022,518219,6931120,518215,0,3464757,0,0,3464757,,50940432425,163576,299,3.14.7,on,,8,100000,2.89
openloop,3,119,uringpy-app,process,4,13,0,0,400,ok,148830.94,30.0,4464910,1.34,1.86,2.31,2.89,1.43,16.18,0,0,33.673469387755105,0.0,60.27177089421391,0.0,60.90402113296155,5163833,676198,675395,10329272,675391,0,5163833,0,0,5163833,,75617608904,214287,502,3.14.7,on,,8,150000,3.21
openloop,3,120,uringpy-app,process,4,13,0,0,400,ok,24804.9,30.01,744365,0.94,1.23,1.45,1.91,0.94,2.7,0,0,10.532445923460898,0.0,10.276538804638715,0.0,10.676156583629894,855505,829973,829170,1712616,829166,0,855505,0,0,855505,,17333778477,367354,25,3.14.7,on,,8,25000,2.2
openloop,4,121,uringpy-app-batch,thread,4,13,0,0,400,ok,49798.57,30.0,1493937,1.05,1.44,1.74,2.15,1.08,5.41,0,0,19.43872084397923,0.0,21.9944746457535,0.0,23.196605374823196,1737992,762970,762167,3477590,762167,0,1737992,0,0,490674,,33404842246,649797,134,3.14.7,on,,448837,50000,2.41
openloop,4,122,uringpy-app,thread,4,13,0,0,400,ok,49615.11,30.0,1488489,1.18,1.62,1.99,2.59,1.23,5.39,0,0,16.69760377995275,0.0,28.96527656604432,0.0,29.51618517229377,1732524,517472,516669,3466654,516669,0,1732524,0,0,1732524,,37941623562,1353999,175,3.14.7,on,,446257,50000,2.97
openloop,4,123,uringpy-app,process,4,13,0,0,400,ok,149381.34,30.0,4481346,1.35,1.88,2.32,2.91,1.44,16.24,0,0,33.69462132502371,0.0,58.83695252116305,0.0,60.136134951168984,5196786,624903,624100,10395178,624096,0,5196786,0,0,5196786,,75049026643,200054,552,3.14.7,on,,8,150000,3.21
openloop,4,124,uringpy-app-batch,process,4,13,0,0,400,ok,24903.17,30.0,747097,0.92,1.24,1.46,1.89,0.92,2.71,0,0,11.12547433384763,0.0,10.479684982996242,0.0,10.83392729864576,866482,929546,928743,1734570,928739,0,866482,0,0,516014,,17840065926,403091,40,3.14.7,on,,8,25000,2.14
openloop,4,125,uvloop-proto-app,process,4,13,0,0,400,ok,211131.82,30.0,6333866,5260.0,7150.0,8950.0,10710.0,5610.0,22.95,0,0,63.32129342965256,0.0,97.97765636467422,0.0,98.4996738421396,,,,,,,,,,,,139133490095,3428,1925,3.14.7,on,,8,300000,11750.0
openloop,4,126,uringpy-app-batch,thread,4,13,0,0,400,ok,197704.88,30.0,5931019,1.64,2.19,2.82,3.7,1.75,21.49,0,0,40.8533722810495,0.0,74.98924422773555,0.0,75.85014409221903,6862878,396319,395516,13727362,395516,0,6862878,0,0,301643,,95006513513,331247,838,3.14.7,on,,271739,200000,4.24
openloop,4,127,uringpy-app,process,4,13,0,0,400,ok,197707.86,30.0,5931364,1.47,1.98,2.55,3.33,1.57,21.49,0,0,39.93860322333077,0.0,76.95000700182047,0.0,83.07369682444578,6885295,563785,562982,13772196,562978,0,6885295,0,0,6885295,,99267647734,161424,1089,3.14.7,on,,8,200000,4.03
openloop,4,128,uringpy-app,thread,4,13,0,0,400,ok,200401.77,30.0,6011943,3740.0,4970.0,5790.0,6460.0,3890.0,21.79,0,0,50.42811501597444,0.0,85.20052886734244,0.0,85.87987355110643,6960777,147430,146627,13923160,146627,0,6960777,0,0,6960777,,111447226036,2190664,1236,3.14.7,on,,590044,250000,6570.0
openloop,4,129,uvloop-proto-app,process,4,13,0,0,400,ok,99590.54,30.0,2987781,1.43,1.87,2.31,2.74,1.45,10.83,0,0,27.854437818308448,0.0,46.23966001366016,0.0,48.594628357276704,,,,,,,,,,,,57239927859,143473,352,3.14.7,on,,8,100000,2.88
openloop,4,130,uvloop-proto-app,process,4,13,0,0,400,ok,212314.11,30.0,6369340,1550.0,4390.0,6170.0,8690.0,2360.0,23.08,0,0,63.45143244617732,0.0,96.56926057474976,0.0,98.35580401183822,,,,,,,,,,,,135849914630,43009,1893,3.14.7,on,,8,250000,9700.0
openloop,4,131,uringpy-app,process,4,13,0,0,400,ok,99224.79,30.0,2976748,1.12,1.61,1.98,2.4,1.19,10.79,0,0,29.86510939299227,0.0,40.37485676870192,0.0,41.24219520210319,3442832,768984,768181,6887270,768177,0,3442832,0,0,3442832,,53287490562,260606,198,3.14.7,on,,8,100000,2.77
openloop,4,132,uringpy-app,process,4,13,0,0,400,ok,248056.17,30.0,7441585,1.53,1.97,2.61,5.55,1.85,26.97,0,0,45.96319018404908,0.0,89.55820265379975,0.0,93.58692235146181,8633510,557524,556721,17268626,556717,0,8633510,0,0,8633510,,120647575167,141283,1551,3.14.7,on,,8,250000,43.94
openloop,4,133,uringpy-app-batch,thread,4,13,0,0,400,ok,99224.63,30.0,2976662,1.38,1.86,2.28,2.82,1.42,10.79,0,0,23.235706848943007,0.0,45.63896064427899,0.0,46.0582171012735,3442680,580311,579508,6886966,579508,0,3442680,0,0,407089,,53204968903,544153,327,3.14.7,on,,372368,100000,3.06
openloop,4,134,uringpy-app-batch,thread,4,13,0,0,400,ok,9928.0,30.0,297854,0.9,1.25,1.51,1.99,0.93,1.08,0,0,4.306639402412052,0.0,8.086140439081616,0.0,8.330534094726234,346877,399558,398755,695360,398755,0,346877,0,0,220804,,9082796172,267993,27,3.14.7,on,,192902,10000,2.21
openloop,4,135,uringpy-app,thread,4,13,0,0,400,ok,191585.57,30.0,5747560,99.01,1140.0,2130.0,2830.0,587.04,20.83,0,0,47.865905605725,0.0,83.39492909325311,0.0,84.73936899862825,6687325,166365,165562,13376256,165562,0,6687325,0,0,6687325,,109012527132,2334829,1321,3.14.7,on,,623759,200000,2900.0
openloop,4,136,uringpy-app-batch,process,4,13,0,0,400,ok,99223.05,30.0,2976757,1.15,1.61,1.92,2.27,1.19,10.79,0,0,31.19525289629839,0.0,40.88677878812263,0.0,42.06119162640902,3453654,785192,784389,6908914,784385,0,3453654,0,0,539990,,52200026493,231252,220,3.14.7,on,,8,100000,2.57
openloop,4,137,uringpy-app,thread,4,13,0,0,400,ok,148831.2,30.0,4464867,2.22,3.13,4.04,5.4,2.43,16.18,0,0,38.08178752107926,0.0,75.15681743149554,0.0,76.25827814569537,5180264,226998,226195,10362134,226195,0,5180264,0,0,5180264,,94245375305,3198283,1064,3.14.7,on,,779446,150000,6.38
openloop,4,138,uringpy-app-batch,thread,4,13,0,0,400,ok,149384.27,30.0,4481381,1.53,2.13,2.66,3.33,1.64,16.24,0,0,30.853927085882066,0.0,61.65982277933866,0.0,62.77056277056277,5213155,442309,441506,10427916,441506,0,5213155,0,0,325841,,74082279663,394450,518,3.14.7,on,,293070,150000,3.71
openloop,4,139,uringpy-app-batch,process,4,13,0,0,400,ok,9927.25,30.0,297841,0.89,1.23,1.47,1.97,0.91,1.08,0,0,4.152754590984975,0.0,7.155366524893671,0.0,7.8281145902731515,344696,422743,421940,690998,421936,0,344696,0,0,229782,,8014450623,188075,27,3.14.7,on,,8,10000,2.18
openloop,4,140,uringpy-app-batch,process,4,13,0,0,400,ok,49058.74,30.0,1471821,1.07,1.44,1.73,2.12,1.1,5.33,0,0,15.232090264238602,0.0,21.391258923907365,0.0,22.419186652763294,1705019,890627,889824,3411644,889820,0,1705019,0,0,562078,,30756073228,312681,112,3.14.7,on,,8,50000,2.35
openloop,4,141,uvloop-proto-app,process,4,13,0,0,400,ok,148832.03,30.0,4464893,1.34,1.86,2.29,2.91,1.43,16.18,0,0,38.07286588068434,0.0,67.00266824785058,0.0,67.3293768545994,,,,,,,,,,,,87725624041,178772,683,3.14.7,on,,8,150000,3.43
openloop,4,142,uringpy-app,thread,4,13,0,0,400,ok,200400.61,30.0,6011927,6180.0,7640.0,9620.0,12100.0,6390.0,21.79,0,0,49.11915778749416,0.0,85.27569475077195,0.0,86.34764250527797,6990708,147660,146857,13983022,146857,0,6990708,0,0,6990708,,111824283169,2247641,1358,3.14.7,on,,608398,300000,12510.0
openloop,4,143,uvloop-proto-app,process,4,13,0,0,400,ok,9964.68,30.0,298959,0.89,1.22,1.45,1.92,0.89,1.08,0,0,4.36400117042177,0.0,6.927280369903321,0.0,7.267833109017497,,,,,,,,,,,,8348612854,190335,16,3.14.7,on,,8,10000,2.13
openloop,4,144,uringpy-app,thread,4,13,0,0,400,ok,24902.91,30.0,747097,0.95,1.29,1.54,1.96,0.97,2.71,0,0,12.537067545304778,0.0,13.242952056024421,0.0,13.504823151125402,869240,722244,721441,1740086,721441,0,869240,0,0,869240,,21599731709,720378,95,3.14.7,on,,383436,25000,2.23
openloop,4,145,uringpy-app-batch,thread,4,13,0,0,400,ok,248970.35,30.0,7468899,1.46,1.75,2.06,6.59,1.6,27.07,0,0,48.592101296352126,0.0,87.78682457438934,0.0,89.93672793009942,8660818,514206,513403,17323242,513403,0,8660818,0,0,381649,,115945634925,343536,1361,3.14.7,on,,329817,250000,23.06
openloop,4,146,uringpy-app-batch,thread,4,13,0,0,400,ok,24713.33,30.01,741618,0.98,1.3,1.55,2.03,0.99,2.69,0,0,9.902185223725287,0.0,12.62075689089781,0.0,13.498233215547703,863789,758660,757857,1729184,757857,0,863789,0,0,432432,,19919406409,550179,46,3.14.7,on,,385473,25000,2.34
openloop,4,147,uringpy-app-batch,process,4,13,0,0,400,ok,147737.58,30.0,4432051,1.32,1.83,2.28,2.85,1.41,16.06,0,0,34.96940735116788,0.0,62.53903696710001,0.0,63.67370892018779,5147314,896884,896081,10296234,896077,0,5147314,0,0,629953,,77887281930,248339,534,3.14.7,on,,8,150000,3.16
openloop,4,148,uringpy-app-batch,process,4,13,0,0,400,ok,244564.0,30.0,7336791,1.51,689.15,1270.0,1630.0,321.19,26.59,0,0,49.464849031095085,0.0,89.97771116747367,0.0,98.48733969089115,8556095,763540,762737,17113796,762733,0,8556095,0,0,555907,,121493837377,181605,1548,3.14.7,on,,8,250000,1670.0
openloop,4,149,uvloop-proto-app,process,4,13,0,0,400,ok,198870.1,30.0,5965967,1.46,2.05,7.26,249.6,12.31,21.62,0,0,44.92004786250408,0.0,87.70509896254875,0.0,93.7519623233909,,,,,,,,,,,,118814846077,121866,1364,3.14.7,on,,8,200000,582.66
openloop,4,150,uringpy-app,thread,4,13,0,0,400,ok,99226.93,30.0,2976734,1.78,2.56,3.33,4.64,1.95,10.79,0,0,25.682586460951722,0.0,59.14525771530134,0.0,60.547504025764894,3442664,333245,332442,6886934,332442,0,3442664,0,0,3442664,,69722830263,2801305,636,3.14.7,on,,681066,100000,5.43
openloop,4,151,uringpy-app-batch,process,4,13,0,0,400,ok,198438.75,30.0,5953250,1.49,2.0,2.58,3.32,1.57,21.57,0,0,39.818346045764756,0.0,74.16424160692739,0.0,76.18908666472133,6885099,623925,623122,13771804,623118,0,6885099,0,0,454448,,96743448913,152969,1122,3.14.7,on,,8,200000,3.8
openloop,4,152,uringpy-app,process,4,13,0,0,400,ok,24903.3,30.0,747083,0.92,1.25,1.48,1.85,0.93,2.71,0,0,11.69455027331456,0.0,10.082378223495702,0.0,10.84939329050678,869220,872128,871325,1740046,871321,0,869220,0,0,869220,,17661526910,388602,46,3.14.7,on,,8,25000,2.16
openloop,4,153,uringpy-app-batch,thread,4,13,0,0,400,ok,264116.9,30.0,7923361,2390.0,3480.0,4420.0,5420.0,2240.0,28.71,0,0,65.73582319684769,0.0,93.57206949995921,0.0,95.68041571938942,9189745,203154,202351,18381096,202351,0,9189745,0,0,196767,,129095535492,115684,1522,3.14.7,on,,193081,300000,5530.0
openloop,4,154,uringpy-app,process,4,13,0,0,400,ok,9927.69,30.0,297843,0.93,1.25,1.51,1.98,0.93,1.08,0,0,4.4518549395581495,0.0,7.547485566061417,0.0,7.779632721202003,344637,397754,396951,690880,396947,0,344637,0,0,344637,,8089053854,182295,22,3.14.7,on,,8,10000,2.24
openloop,4,155,uvloop-proto-app,process,4,13,0,0,400,ok,49615.18,30.0,1488466,1.03,1.41,1.69,2.08,1.05,5.39,0,0,18.492300049677098,0.0,20.31774852473899,0.0,21.745454545454546,,,,,,,,,,,,33381676406,371325,89,3.14.7,on,,8,50000,2.33
openloop,4,156,uringpy-app-batch,process,4,13,0,0,400,ok,269621.82,30.0,8088452,18.21,220.41,6370.0,8770.0,1380.0,29.31,0,0,60.29882044560944,0.0,97.52563893862933,0.0,98.45547157410451,9445407,370843,370040,18892420,370036,0,9445407,0,0,315216,,137280670770,36877,1722,3.14.7,on,,8,300000,9020.0
openloop,4,157,uringpy-app,process,4,13,0,0,400,ok,272178.0,30.0,8165562,636.93,934.4,4840.0,6780.0,1360.0,29.59,0,0,70.65824836824368,0.0,97.2371201040143,0.0,97.56651524983776,9260635,346971,346168,18522876,346164,0,9260635,0,0,9260635,,136083826909,51141,1858,3.14.7,on,,8,300000,7020.0
openloop,4,158,uringpy-app,thread,4,13,0,0,400,ok,9927.38,30.0,297840,1.03,1.42,1.71,2.14,1.05,1.08,0,0,8.021301381261441,0.0,7.736583714237345,0.0,8.223795079204583,345751,424522,423719,693108,423719,0,345751,0,0,345751,,9289426369,302933,41,3.14.7,on,,200607,10000,2.42
openloop,4,159,uvloop-proto-app,process,4,13,0,0,400,ok,24621.59,30.01,738889,1.05,1.44,1.74,2.19,1.08,2.68,0,0,13.64988894011148,0.0,14.539856312008212,0.0,15.292915531335149,,,,,,,,,,,,18952713331,392144,92,3.14.7,on,,8,25000,2.5
openloop,4,160,uringpy-app,process,4,13,0,0,400,ok,49799.99,30.0,1493913,1.08,1.48,1.78,2.17,1.11,5.41,0,0,24.71681672959628,0.0,21.692789968652036,0.0,22.5,1732416,1168706,1167903,3466438,1167899,0,1732416,0,0,1732416,,32625150065,456592,97,3.14.7,on,,8,50000,2.44
openloop,5,161,uringpy-app,thread,4,13,0,0,400,ok,98491.59,30.0,2954705,1.63,2.25,2.94,4.45,1.77,10.71,0,0,25.746604396075238,0.0,58.00378196168708,0.0,59.20707732634338,3409728,428681,427878,6821062,427878,0,3409728,0,0,3409728,,69423753275,2669166,525,3.14.7,on,,694041,100000,5.41
openloop,5,162,uringpy-app-batch,thread,4,13,0,0,400,ok,24902.62,30.0,747079,0.91,1.23,1.46,1.86,0.92,2.71,0,0,11.707863304578632,0.0,11.771646396805227,0.0,12.127814088598402,869205,891843,891040,1740016,891040,0,869205,0,0,505717,,20583514627,635355,60,3.14.7,on,,450767,25000,2.16
openloop,5,163,uvloop-proto-app,process,4,13,0,0,400,ok,198439.25,30.0,5953232,1.48,1.96,2.57,3.67,1.63,21.57,0,0,41.65855334746006,0.0,85.4915106026379,0.0,88.26191913095957,,,,,,,,,,,,116545910210,120868,1533,3.14.7,on,,8,200000,25.89
openloop,5,164,uvloop-proto-app,process,4,13,0,0,400,ok,24804.12,30.01,744358,0.88,1.21,1.45,1.88,0.91,2.7,0,0,11.034568618500229,0.0,13.481971781919526,0.0,13.722067039106145,,,,,,,,,,,,18679324340,380033,44,3.14.7,on,,8,25000,2.2
openloop,5,165,uringpy-app-batch,thread,4,13,0,0,400,ok,9927.96,30.0,297854,0.93,1.28,1.55,2.03,0.95,1.08,0,0,4.456871009472938,0.0,8.193172356369692,0.0,9.075797872340425,345782,403460,402657,693170,402657,0,345782,0,0,221652,,9163497091,268821,81,3.14.7,on,,194248,10000,2.27
openloop,5,166,uringpy-app,process,4,13,0,0,400,ok,9890.31,30.0,296722,0.95,1.31,1.6,2.04,0.97,1.08,0,0,4.0846067368947,0.0,6.913290927351858,0.0,7.345575959933222,345785,384635,383832,693176,383828,0,345785,0,0,345785,,7873098532,175227,17,3.14.7,on,,8,10000,2.26
openloop,5,167,uringpy-app,process,4,13,0,0,400,ok,199169.13,30.0,5974976,1.51,2.01,2.61,3.36,1.59,21.65,0,0,40.133560956015266,0.0,73.79866713433883,0.0,76.94558221181978,6906702,560032,559229,13815010,559225,0,6906702,0,0,6906702,,95262681078,159146,927,3.14.7,on,,8,200000,3.75
openloop,5,168,uringpy-app-batch,process,4,13,0,0,400,ok,198440.52,30.0,5953231,1.49,2.0,2.56,3.3,1.58,21.57,0,0,39.75975676618651,0.0,73.64040751901277,0.0,74.47795823665894,6906880,586609,585806,13815366,585802,0,6906880,0,0,426642,,95301565605,142142,968,3.14.7,on,,8,200000,3.71
openloop,5,169,uringpy-app-batch,thread,4,13,0,0,400,ok,246039.92,30.0,7381059,1.62,2.57,20.22,458.75,32.67,26.75,0,0,42.95839348995931,0.0,88.67229470452801,0.0,93.31855604813173,8572956,455833,455030,17147518,455030,0,8572956,0,0,349776,,118215159131,316445,1322,3.14.7,on,,302756,250000,462.08
openloop,5,170,uringpy-app,thread,4,13,0,0,400,ok,197786.03,30.0,5933472,5910.0,8350.0,10670.0,12140.0,6490.0,21.5,0,0,48.589541760626304,0.0,85.07423117709438,0.0,85.9159901164843,6897001,145944,145141,13795608,145141,0,6897001,0,0,6897001,,111343169452,2284894,1260,3.14.7,on,,599603,300000,12530.0
openloop,5,171,uringpy-app,thread,4,13,0,0,400,ok,149382.14,30.0,4481428,2.28,3.23,4.22,5.89,2.52,16.24,0,0,39.41719731792688,0.0,75.8680843994019,0.0,77.21349816237888,5213300,211239,210436,10428206,210436,0,5213300,0,0,5213300,,95635993068,3222082,1253,3.14.7,on,,767537,150000,7.8
openloop,5,172,uringpy-app,process,4,13,0,0,400,ok,99224.53,30.0,2976728,1.19,1.65,2.03,2.47,1.23,10.79,0,0,29.3264636223875,0.0,44.02505994276433,0.0,45.041705282669135,3453687,689792,688989,6908980,688985,0,3453687,0,0,3453687,,53163544497,225010,351,3.14.7,on,,8,100000,2.78
openloop,5,173,uringpy-app,thread,4,13,0,0,400,ok,24902.99,30.0,747083,0.95,1.29,1.54,1.95,0.97,2.71,0,0,12.467051070840197,0.0,12.267624607094746,0.0,13.111825652018577,866455,739117,738314,1734516,738314,0,866455,0,0,866455,,21074728029,717163,57,3.14.7,on,,391364,25000,2.22
openloop,5,174,uringpy-app-batch,thread,4,13,0,0,400,ok,99224.13,30.0,2976701,1.38,1.87,2.32,2.83,1.43,10.79,0,0,22.38452787258248,0.0,47.28881494365878,0.0,48.500299940012,3453782,560100,559297,6909170,559297,0,3453782,0,0,391548,,53911564539,546470,312,3.14.7,on,,358391,100000,3.07
openloop,5,175,uringpy-app-batch,process,4,13,0,0,400,ok,248054.61,30.0,7441488,1.46,1.92,2.59,19.41,1.89,26.97,0,0,43.34178437764095,0.0,88.8897235576923,0.0,93.93173198482933,8633396,672248,671445,17268398,671441,0,8633396,0,0,497110,,120707264709,152442,1537,3.14.7,on,,8,250000,30.8
openloop,5,176,uringpy-app,process,4,13,0,0,400,ok,24713.0,30.01,741621,0.92,1.26,1.52,1.99,0.95,2.69,0,0,9.984270221044788,0.0,12.776284996099506,0.0,13.455551712210308,855494,831180,830377,1712594,830373,0,855494,0,0,855494,,17460379453,367191,40,3.14.7,on,,8,25000,2.26
openloop,5,177,uringpy-app-batch,process,4,13,0,0,400,ok,24903.05,30.0,747086,0.9,1.22,1.45,1.86,0.91,2.71,0,0,11.262288961712366,0.0,11.079770824151609,0.0,12.230470130788264,860984,920928,920125,1723574,920121,0,860984,0,0,511857,,17796328310,398906,36,3.14.7,on,,8,25000,2.15
openloop,5,178,uringpy-app,process,4,13,0,0,400,ok,248054.77,30.0,7441566,1.5,1.93,2.54,4.55,1.64,26.97,0,0,43.87513327804763,0.0,88.72276483846731,0.0,91.49133663366337,8633394,579742,578939,17268394,578935,0,8633394,0,0,8633394,,120165180425,144815,1470,3.14.7,on,,8,250000,13.16
openloop,5,179,uvloop-proto-app,process,4,13,0,0,400,ok,210671.92,30.0,6320076,5520.0,7050.0,8630.0,10260.0,5700.0,22.9,0,0,62.088194921070695,0.0,97.94554051850643,0.0,98.50114043662431,,,,,,,,,,,,138902370951,4904,1991,3.14.7,on,,8,300000,11150.0
openloop,5,180,uvloop-proto-app,process,4,13,0,0,400,ok,148835.69,30.0,4464985,1.32,1.84,2.28,2.94,1.41,16.18,0,0,40.68331143232589,0.0,69.19840406238666,0.0,70.81871345029239,,,,,,,,,,,,88864939068,203914,691,3.14.7,on,,8,150000,3.42
openloop,5,181,uringpy-app-batch,thread,4,13,0,0,400,ok,199169.96,30.0,5975122,1.65,2.19,2.85,3.79,1.74,21.65,0,0,38.404521943155764,0.0,74.97135491263248,0.0,78.0502043199066,6906922,402635,401832,13815450,401832,0,6906922,0,0,308180,,95338993568,347953,878,3.14.7,on,,275153,200000,4.39
openloop,5,182,uringpy-app,thread,4,13,0,0,400,ok,204402.14,30.0,6132060,3130.0,3970.0,5810.0,7630.0,3370.0,22.22,0,0,49.006509807258645,0.0,85.89844777690081,0.0,86.54991243432575,7139930,151325,150522,14281466,150522,0,7139930,0,0,7139930,,112832479163,2108788,1190,3.14.7,on,,569637,250000,7860.0
openloop,5,183,uvloop-proto-app,process,4,13,0,0,400,ok,99223.5,30.0,2976721,1.21,1.64,2.03,2.51,1.25,10.79,0,0,29.854987671862595,0.0,47.95918367346939,0.0,48.44567559249,,,,,,,,,,,,59676650533,224433,291,3.14.7,on,,8,100000,2.77
openloop,5,184,uringpy-app-batch,process,4,13,0,0,400,ok,147179.65,30.0,4415410,1.36,1.84,2.26,2.86,1.43,16.0,0,0,34.87097914457406,0.0,59.334427697358606,0.0,60.50670640834575,5097949,883638,882835,10197504,882831,0,5097949,0,0,620104,,73918869575,245337,532,3.14.7,on,,8,150000,3.18
openloop,5,185,uringpy-app,process,4,13,0,0,400,ok,271414.71,30.0,8142345,238.34,2980.0,4140.0,5640.0,1520.0,29.51,0,0,64.19201914668385,0.0,97.22222222222223,0.0,98.40338872596936,9486346,297908,297105,18974298,297101,0,9486346,0,0,9486346,,137574459284,28245,1730,3.14.7,on,,8,300000,5780.0
openloop,5,186,uvloop-proto-app,process,4,13,0,0,400,ok,49432.49,30.0,1482996,1.05,1.42,1.71,2.1,1.07,5.37,0,0,17.51165380966132,0.0,22.14190093708166,0.0,23.03310786756853,,,,,,,,,,,,33394331818,358029,86,3.14.7,on,,8,50000,2.35
openloop,5,187,uringpy-app-batch,process,4,13,0,0,400,ok,99223.48,30.0,2976743,1.14,1.62,1.97,2.34,1.19,10.79,0,0,30.424947487477784,0.0,41.0858930146764,0.0,41.86641099392777,3464675,781998,781195,6930956,781191,0,3464675,0,0,539857,,52930889053,227855,307,3.14.7,on,,8,100000,2.69
openloop,5,188,uringpy-app-batch,thread,4,13,0,0,400,ok,148286.67,30.0,4448617,1.49,2.09,2.61,3.26,1.61,16.12,0,0,29.454563211094293,0.0,61.38007380073801,0.0,62.42962962962963,5163887,493194,492391,10329380,492391,0,5163887,0,0,362162,,74534979689,454359,474,3.14.7,on,,325145,150000,3.62
openloop,5,189,uringpy-app-batch,thread,4,13,0,0,400,ok,49615.63,30.0,1488485,1.03,1.42,1.75,2.18,1.08,5.39,0,0,18.184459571642037,0.0,24.817264183780022,0.0,25.362819626814098,1721646,830545,829742,3444898,829742,0,1721646,0,0,537525,,34354294178,709059,90,3.14.7,on,,490413,50000,2.45
openloop,5,190,uringpy-app,process,4,13,0,0,400,ok,148832.11,30.0,4464923,1.36,1.88,2.35,2.95,1.45,16.18,0,0,33.4178131788559,0.0,61.28441710603398,0.0,62.415316642120764,5163820,691904,691101,10329246,691097,0,5163820,0,0,5163820,,76304918839,217487,464,3.14.7,on,,8,150000,3.3
openloop,5,191,uringpy-app-batch,process,4,13,0,0,400,ok,274099.34,30.0,8222818,1770.0,2260.0,3190.0,4310.0,1660.0,29.8,0,0,65.24730215827338,0.0,97.67366194891817,0.0,98.43495272253016,9569585,263340,262537,19140776,262533,0,9569585,0,0,239090,,138645768695,13797,1844,3.14.7,on,,8,300000,4430.0
openloop,5,192,uringpy-app-batch,thread,4,13,0,0,400,ok,266075.16,30.0,7982121,1740.0,3180.0,4050.0,4590.0,2029.9999999999998,28.93,0,0,66.52003277698711,0.0,94.62871287128714,0.0,95.08250825082509,9294593,203366,202563,18590792,202563,0,9294593,0,0,197214,,130093783517,112036,1520,3.14.7,on,,194590,300000,4700.0
openloop,5,193,uvloop-proto-app,process,4,13,0,0,400,ok,210009.54,30.0,6300246,2500.0,3910.0,5760.0,8130.000000000001,2750.0,22.83,0,0,60.96602926576596,0.0,97.41568468102398,0.0,97.8896103896104,,,,,,,,,,,,138186519334,7622,1725,3.14.7,on,,8,250000,9460.0
openloop,5,194,uringpy-app-batch,process,4,13,0,0,400,ok,49799.48,30.0,1493996,1.04,1.43,1.72,2.11,1.07,5.41,0,0,18.837543643458616,0.0,17.585421412300683,0.0,19.40406976744186,1732594,896246,895443,3466794,895439,0,1732594,0,0,564352,,30350094989,317018,95,3.14.7,on,,8,50000,2.38
openloop,5,195,uvloop-proto-app,process,4,13,0,0,400,ok,9964.8,30.0,298958,0.89,1.21,1.45,1.92,0.89,1.08,0,0,4.258701472556894,0.0,6.797264206704383,0.0,7.473791004396348,,,,,,,,,,,,8473487267,202521,13,3.14.7,on,,8,10000,2.13
openloop,5,196,uringpy-app,thread,4,13,0,0,400,ok,193481.25,30.0,5804341,219.13,656.9,1260.0,2090.0,452.36,21.04,0,0,47.48736247398156,0.0,84.65529370383398,0.0,85.22167487684729,6723003,153815,153012,13447612,153012,0,6723003,0,0,6723003,,110133047450,2362499,1316,3.14.7,on,,622202,200000,2180.0
openloop,5,197,uringpy-app-batch,process,4,13,0,0,400,ok,9964.59,30.0,298949,0.85,1.18,1.41,1.88,0.87,1.08,0,0,4.464024721259448,0.0,7.35797113539668,0.0,7.946577629382304,346830,450975,450172,695266,450168,0,346830,0,0,241720,,8076818899,204571,27,3.14.7,on,,8,10000,2.12
openloop,5,198,uringpy-app,process,4,13,0,0,400,ok,49248.12,30.0,1477510,1.0,1.39,1.69,2.11,1.05,5.35,0,0,16.303720201270313,0.0,23.842181017695367,0.0,24.51809266148123,1716096,883509,882706,3433798,882702,0,1716096,0,0,1716096,,30671888503,339529,90,3.14.7,on,,8,50000,2.36
openloop,5,199,uringpy-app,thread,4,13,0,0,400,ok,9964.79,30.0,298958,0.89,1.22,1.47,1.93,0.91,1.08,0,0,4.759717757087387,0.0,7.827542904981164,0.0,8.029441284710606,345805,396555,395752,693216,395752,0,345805,0,0,345805,,9217186214,299110,30,3.14.7,on,,192074,10000,2.17
openloop,5,200,uringpy-app,thread,4,13,0,0,400,ok,49799.23,30.0,1493974,1.23,1.7,2.09,2.74,1.29,5.41,0,0,17.203469896074896,0.0,30.24982529699511,0.0,30.9780717020536,1721564,504536,503733,3444734,503733,0,1721564,0,0,1721564,,39446826830,1417977,201,3.14.7,on,,446211,50000,3.08
