experiment,rep,order,engine,mode,workers,resp_size,max_batch,handler_work,conns,status,rps,duration_s,requests,lat_p50_ms,lat_p75_ms,lat_p90_ms,lat_p99_ms,lat_avg_ms,transfer_mb_s,socket_errors,non_2xx,client_cpu_pct,client_steal_pct,server_cpu_pct,server_steal_pct,server_max_core_pct,srv_requests,srv_syscalls,srv_enters,srv_completions,srv_waits,srv_handler_errors,srv_handler_calls,srv_gil_hold_ns,srv_gil_wait_ns,srv_gil_acquires,srv_gil_releases,srv_cpu_ns,srv_nvcsw,srv_nivcsw,srv_python,srv_gil,note
factorial,1,1,py-uring,thread,1,13,0,0,400,ok,129580.65,20.02,2593891,3.07,3.12,3.16,3.29,3.34,12.6,0,0,33.77019399208461,0.0,29.37368050668543,0.0,98.53300733496333,3246292,33439,,6494190,16719,,,,,,33439,25171415583,144,171,3.14.7,off,
factorial,1,2,py-uring-held,thread,4,13,0,0,400,ok,301384.4,20.1,6057828,1.23,1.4,1.64,1.92,1.28,29.32,0,0,71.16576552815508,0.0,97.13735867211932,0.0,97.97979797979798,7579709,346674,,15161024,173335,,,,,,173335,100564044557,7554,1375,3.14.7,off,
factorial,1,3,c-epoll,thread,1,13,0,0,400,ok,126574.97,20.1,2544198,3.08,3.14,3.19,6.16,3.14,12.31,0,0,39.02997774577824,0.0,29.510037905376947,0.0,98.44282238442823,3171381,6355040,,,9037,0,0,0,0,0,,25194101389,403,149,3.14.7,off,
factorial,1,4,py-epoll,thread,4,13,0,0,400,ok,260751.99,20.1,5241157,1.41,1.51,1.7,3.0,1.52,25.36,0,0,70.1058031420327,0.0,98.02751735054183,0.0,98.29600778967868,6562842,13212956,,,84717,,,,,,13212956,100300443153,8140,1507,3.14.7,off,
factorial,1,5,c-epoll,thread,4,13,0,0,400,ok,295116.11,20.1,5931842,1.2,1.43,2.0,2.83,1.32,28.71,0,0,74.11397246302907,0.0,98.06451612903226,0.0,98.34388699464199,7428747,14967136,,,106336,0,0,0,0,0,,100357213471,9257,1376,3.14.7,off,
factorial,1,6,py-uring,thread,2,13,0,0,400,ok,205214.77,20.09,4122322,1.93,1.99,2.05,2.18,1.93,19.96,0,0,48.869191162093465,0.0,57.325905292479106,0.0,98.39102876645539,5176756,118072,,10355118,59035,,,,,,118072,50549878323,2040,224,3.14.7,off,
factorial,1,7,py-epoll,thread,1,13,0,0,400,ok,108500.21,20.01,2171205,3.6,3.65,3.7,7.18,3.67,10.55,0,0,33.50267031392471,0.0,28.552023906547134,0.0,96.85990338164251,2715982,5441501,,,7088,,,,,,5441501,25092713468,152,193,3.14.7,off,
factorial,1,8,uringpy,thread,2,13,0,0,400,ok,233096.54,20.1,4685261,1.68,1.76,1.85,2.0,1.68,22.67,0,0,55.082372859282415,0.0,60.45936909434511,0.0,97.90754257907543,5850865,72598,71795,11703336,71795,0,0,0,0,0,,50467037803,4551,226,3.14.7,off,
factorial,1,9,uringpy,thread,1,13,0,0,400,ok,141201.05,20.1,2838165,2.81,2.89,2.94,3.08,3.05,13.74,0,0,39.242306697698474,0.0,29.695431472081218,0.0,98.14905017048223,3547069,21684,20881,7095744,20881,0,0,0,0,0,,25337634200,594,130,3.14.7,off,
factorial,1,10,py-uring-held,thread,2,13,0,0,400,ok,207074.04,20.1,4162160,1.89,2.03,2.12,2.25,1.91,20.14,0,0,49.182010649900555,0.0,58.04185981177132,0.0,97.95421334632246,5210869,118182,,10423344,59090,,,,,,59090,50355526210,2002,150,3.14.7,off,
factorial,1,11,c-epoll,thread,2,13,0,0,400,ok,203257.39,20.1,4085470,1.87,1.94,2.02,3.84,1.95,19.77,0,0,56.27449677805089,0.0,58.99444523572141,0.0,98.48927875243665,5095870,10227534,,,32532,0,0,0,0,0,,50365724475,2962,210,3.14.7,off,
factorial,1,12,py-uring-held,thread,1,13,0,0,400,ok,130370.64,20.01,2609099,3.05,3.09,3.13,3.23,3.29,12.68,0,0,32.96852739282476,0.0,29.295306659282847,0.0,98.1624758220503,3257415,33557,,6516436,16778,,,,,,16778,25173368451,124,190,3.14.7,off,
factorial,1,13,py-epoll-batch,thread,2,13,0,0,400,ok,202829.18,20.1,4076892,1.87,2.06,2.15,4.05,1.96,19.73,0,0,56.39538758914884,0.0,59.2476040623659,0.0,97.90754257907543,5085256,10207877,,,34124,,,,,,69883,50371709455,3169,226,3.14.7,off,
factorial,1,14,py-epoll-batch,thread,4,13,0,0,400,ok,292580.3,20.1,5880866,1.21,1.48,1.97,2.97,1.35,28.46,0,0,73.98284866851506,0.0,98.17295980511571,0.0,98.488542174549,7363479,14828148,,,97933,,,,,,197517,100299095757,8291,1537,3.14.7,off,
factorial,1,15,uringpy,thread,4,13,0,0,400,ok,328479.46,20.1,6602353,1.18,1.28,1.38,1.61,1.18,31.95,0,0,72.72191287258434,0.0,98.14927553877999,0.0,98.44206426484908,8263905,185020,184217,16529416,184217,0,0,0,0,0,,100782660256,5972,1325,3.14.7,off,
factorial,1,16,py-epoll-batch,thread,1,13,0,0,400,ok,124667.36,20.1,2505842,3.13,3.17,3.21,6.25,3.18,12.13,0,0,34.40448696799736,0.0,29.349957971420565,0.0,98.44206426484908,3136606,6289029,,,12592,,,,,,26803,25249062632,1112,144,3.14.7,off,
factorial,1,17,py-epoll,thread,2,13,0,0,400,ok,175080.89,20.01,3503196,2.2,2.25,2.32,4.44,2.28,17.03,0,0,50.01993355481728,0.0,56.444991789819376,0.0,98.16425120772946,4391310,8812348,,,27255,,,,,,8812348,50201816828,2011,215,3.14.7,off,
factorial,1,18,py-uring,thread,4,13,0,0,400,ok,303928.9,20.1,6108888,1.24,1.47,1.64,1.9,1.27,29.56,0,0,72.53544345532477,0.0,98.16100353184753,0.0,98.44054580896686,7654816,343820,,15311238,171908,,,,,,343820,100767628464,5206,1465,3.14.7,off,
factorial,2,19,py-uring,thread,4,13,0,0,400,ok,303202.57,20.1,6094418,1.24,1.39,1.54,1.87,1.26,29.49,0,0,74.52590420332356,0.0,97.99025578562728,0.0,98.2943469785575,7631764,362392,,15265134,181194,,,,,,362392,100511667234,9022,1465,3.14.7,off,
factorial,2,20,py-epoll-batch,thread,2,13,0,0,400,ok,202289.34,20.01,4048458,1.88,2.11,2.23,4.15,1.96,19.68,0,0,57.745834694544264,0.0,59.07657011757958,0.0,98.14180929095355,5061223,10158174,,,32487,,,,,,66609,50218476922,2630,188,3.14.7,off,
factorial,2,21,uringpy,thread,1,13,0,0,400,ok,142014.19,20.02,2842558,2.79,2.85,2.89,3.04,2.87,13.81,0,0,38.80023448186022,0.0,29.72320794889993,0.0,98.09197651663405,3575884,19512,18709,7153374,18709,0,0,0,0,0,,25255664838,181,172,3.14.7,off,
factorial,2,22,py-epoll,thread,2,13,0,0,400,ok,175568.93,20.01,3513615,2.18,2.25,2.31,4.43,2.27,17.08,0,0,51.029687082107515,0.0,56.60351455244371,0.0,96.86293436293437,4402657,8835080,,,27295,,,,,,8835080,50206804350,2002,220,3.14.7,off,
factorial,2,23,py-uring,thread,1,13,0,0,400,ok,129410.16,20.02,2590381,3.07,3.12,3.17,3.3,3.21,12.59,0,0,33.39143908580283,0.0,29.1993281075028,0.0,98.09384164222874,3266055,33809,,6533716,16904,,,,,,33809,25171600432,154,171,3.14.7,off,
factorial,2,24,py-uring-held,thread,2,13,0,0,400,ok,209488.99,20.1,4210760,1.88,1.94,2.0,2.12,1.88,20.38,0,0,50.64077415980123,0.0,58.46306255307105,0.0,97.95421334632246,5277569,119382,,10556744,59690,,,,,,59690,50550390367,1752,237,3.14.7,off,
factorial,2,25,c-epoll,thread,1,13,0,0,400,ok,124140.32,20.1,2495143,3.13,3.19,3.24,6.27,3.2,12.08,0,0,36.311774886225244,0.0,29.13363927131136,0.0,98.539435248296,3118331,6251044,,,11153,0,0,0,0,0,,25263477700,773,137,3.14.7,off,
factorial,2,26,py-uring,thread,2,13,0,0,400,ok,208106.46,20.1,4182952,1.79,2.15,2.27,2.43,1.9,20.24,0,0,50.35098077806206,0.0,58.10943873962583,0.0,98.00583657587549,5250497,120918,,10502600,60458,,,,,,120918,50544437667,2040,202,3.14.7,off,
factorial,2,27,py-epoll,thread,4,13,0,0,400,ok,261413.47,20.1,5254412,1.4,1.54,2.2,3.02,1.5,25.43,0,0,71.09875185927699,0.0,97.10057747834456,0.0,97.93070259865254,6574575,13237705,,,86034,,,,,,13237705,100241114708,8411,1429,3.14.7,off,
factorial,2,28,py-epoll-batch,thread,1,13,0,0,400,ok,124926.92,20.01,2499698,3.12,3.17,3.21,6.24,3.19,12.15,0,0,35.29606570406676,0.0,29.432474299394453,0.0,98.09197651663405,3107002,6225243,,,8014,,,,,,17647,25087589787,146,143,3.14.7,off,
factorial,2,29,c-epoll,thread,4,13,0,0,400,ok,296244.05,20.1,5954596,1.26,1.41,1.88,2.72,1.32,28.82,0,0,76.55837889996783,0.0,98.04017041996349,0.0,98.34388699464199,7452355,15012979,,,104959,0,0,0,0,0,,100219354220,10777,1577,3.14.7,off,
factorial,2,30,c-epoll,thread,2,13,0,0,400,ok,201545.1,20.1,4051057,1.88,1.98,2.07,3.92,1.97,19.61,0,0,55.265396950062176,0.0,58.56392791258692,0.0,97.90448343079922,5045865,10126577,,,31594,0,0,0,0,0,,50161283002,3221,229,3.14.7,off,
factorial,2,31,uringpy,thread,2,13,0,0,400,ok,229618.28,20.1,4615394,1.71,1.79,1.87,2.0,1.71,22.34,0,0,54.787268805960395,0.0,59.42299411511411,0.0,98.29683698296837,5761487,69070,68267,11524580,68267,0,0,0,0,0,,50502919575,3250,212,3.14.7,off,
factorial,2,32,py-uring-held,thread,4,13,0,0,400,ok,303549.72,20.1,6101332,1.28,1.36,1.44,1.61,1.28,29.53,0,0,69.5308871342313,0.0,97.25961538461539,0.0,98.125,7623723,326528,,15249052,163262,,,,,,163262,100568470207,3067,1434,3.14.7,off,
factorial,2,33,py-epoll,thread,1,13,0,0,400,ok,112579.94,20.02,2253627,3.47,3.51,3.56,6.93,3.54,10.95,0,0,32.4508120956028,0.0,29.02370990237099,0.0,98.14090019569471,2789529,5588688,,,7168,,,,,,5588688,25077728108,156,143,3.14.7,off,
factorial,2,34,py-uring-held,thread,1,13,0,0,400,ok,135872.17,20.01,2719200,2.92,2.97,3.01,3.13,3.09,13.22,0,0,35.289545277885736,0.0,29.701704545454547,0.0,98.09290953545232,3363082,34689,,6727770,17344,,,,,,17344,25164944702,146,139,3.14.7,off,
factorial,2,35,py-epoll-batch,thread,4,13,0,0,400,ok,292229.54,20.1,5873827,1.24,1.41,2.01,2.79,1.35,28.43,0,0,73.93740948303004,0.0,98.14837373614326,0.0,98.48927875243665,7355867,14810946,,,95952,,,,,,193558,100331294582,7813,1504,3.14.7,off,
factorial,2,36,uringpy,thread,4,13,0,0,400,ok,326204.85,20.1,6556737,1.17,1.27,1.36,1.65,1.17,31.73,0,0,77.24396994859629,0.0,97.8808914870296,0.0,98.19775937652216,8208066,198761,197958,16417738,197958,0,0,0,0,0,,100358911221,11383,1387,3.14.7,off,
factorial,3,37,c-epoll,thread,2,13,0,0,400,ok,202997.89,20.1,4080278,1.88,1.95,2.01,3.84,1.95,19.75,0,0,56.82678891767989,0.0,58.64154127408241,0.0,98.02884615384616,5094348,10228519,,,36565,0,0,0,0,0,,50337446628,4230,206,3.14.7,off,
factorial,3,38,c-epoll,thread,4,13,0,0,400,ok,294904.24,20.1,5927630,1.21,1.38,2.04,2.69,1.33,28.69,0,0,76.20820229767024,0.0,98.03802096027297,0.0,98.44054580896686,7431884,14965834,,,98766,0,0,0,0,0,,100392449429,7373,1437,3.14.7,off,
factorial,3,39,py-epoll-batch,thread,4,13,0,0,400,ok,290716.75,20.1,5843473,1.25,1.37,2.05,2.7,1.35,28.28,0,0,74.35635992862605,0.0,98.10034096444228,0.0,98.34388699464199,7300024,14692688,,,89384,,,,,,180418,100179990603,4046,1506,3.14.7,off,
factorial,3,40,py-uring-held,thread,4,13,0,0,400,ok,302975.7,20.1,6089770,1.27,1.41,1.54,1.81,1.28,29.47,0,0,70.89125633363648,0.0,98.21037253469686,0.0,98.48927875243665,7620169,340126,,15241944,170061,,,,,,170061,100690967417,4971,1397,3.14.7,off,
factorial,3,41,py-epoll,thread,1,13,0,0,400,ok,111844.35,20.01,2238340,3.5,3.54,3.59,6.98,3.57,10.88,0,0,32.312252964426875,0.0,28.97521581732108,0.0,98.14180929095355,2793517,5596731,,,7252,,,,,,5596731,25173969470,164,160,3.14.7,off,
factorial,3,42,py-epoll,thread,2,13,0,0,400,ok,171751.25,20.08,3449269,2.29,2.52,2.62,4.95,2.32,16.71,0,0,49.096705632306055,0.0,55.91615956727519,0.0,98.02884615384616,4372691,8779778,,,31901,,,,,,8779778,50333374267,4143,168,3.14.7,off,
factorial,3,43,py-uring,thread,2,13,0,0,400,ok,210158.76,20.1,4224210,1.86,2.06,2.16,2.32,1.88,20.44,0,0,50.85442212366293,0.0,58.1182113133023,0.0,98.24732229795521,5276128,120922,,10553862,60460,,,,,,120922,50548649170,2039,219,3.14.7,off,
factorial,3,44,py-uring-held,thread,2,13,0,0,400,ok,208165.53,20.1,4184113,1.9,1.96,2.01,2.12,1.9,20.25,0,0,51.15429763923308,0.0,58.33686291119582,0.0,98.44206426484908,5251347,109698,,10504300,54848,,,,,,54848,50612268966,295,169,3.14.7,off,
factorial,3,45,uringpy,thread,4,13,0,0,400,ok,324969.34,20.09,6529026,1.18,1.38,1.54,1.83,1.17,31.61,0,0,76.05989887203422,0.0,97.87985865724382,0.0,98.19775937652216,8083819,236829,236026,16169244,236026,0,0,0,0,0,,99455974391,21814,1391,3.14.7,off,
factorial,3,46,uringpy,thread,2,13,0,0,400,ok,215898.2,20.1,4339568,1.76,2.04,2.14,2.28,1.83,21.0,0,0,52.045380875202596,0.0,57.049771246360734,0.0,98.00194931773879,5483781,63699,62896,10969168,62896,0,0,0,0,0,,50522594051,2405,238,3.14.7,off,
factorial,3,47,py-epoll-batch,thread,1,13,0,0,400,ok,125030.05,20.01,2502093,3.11,3.17,3.22,6.22,3.18,12.16,0,0,40.20484049840172,0.0,29.432181035679577,0.0,96.90522243713733,3112367,6236235,,,8274,,,,,,18169,25094971485,202,152,3.14.7,off,
factorial,3,48,py-uring,thread,1,13,0,0,400,ok,129802.56,20.02,2598044,3.06,3.13,3.19,3.35,3.36,12.63,0,0,34.9706457925636,0.0,29.160262679893812,0.0,98.09290953545232,3264462,33945,,6530530,16972,,,,,,33945,25259490725,150,172,3.14.7,off,
factorial,3,49,py-uring,thread,4,13,0,0,400,ok,299442.79,20.1,6018831,1.28,1.49,1.63,1.91,1.29,29.13,0,0,71.79436804191225,0.0,98.13709971995617,0.0,98.39181286549707,7534355,332774,,15070316,166385,,,,,,332774,100519875879,3332,1392,3.14.7,off,
factorial,3,50,py-uring-held,thread,1,13,0,0,400,ok,132402.51,20.01,2649229,3.0,3.06,3.12,3.27,3.18,12.88,0,0,36.24709357129391,0.0,29.301150715689026,0.0,98.0440097799511,3285418,33831,,6572442,16915,,,,,,16915,25171513522,157,139,3.14.7,off,
factorial,3,51,py-epoll-batch,thread,2,13,0,0,400,ok,201314.41,20.1,4046429,1.88,1.96,2.06,3.87,1.97,19.58,0,0,57.04281183932347,0.0,58.58886996024986,0.0,98.2943469785575,5035110,10104960,,,31503,,,,,,64637,50191272428,2613,230,3.14.7,off,
factorial,3,52,uringpy,thread,1,13,0,0,400,ok,145460.21,20.01,2910801,2.71,2.8,2.86,2.99,2.96,14.15,0,0,35.01256200476712,0.0,29.633258678611423,0.0,98.06856591018831,3618064,19354,18551,7237734,18551,0,0,0,0,0,,25169392233,146,127,3.14.7,off,
factorial,3,53,c-epoll,thread,1,13,0,0,400,ok,124034.97,20.01,2482437,3.15,3.19,3.23,6.29,3.21,12.07,0,0,33.11047858608592,0.0,29.305263157894736,0.0,98.09384164222874,3115842,6244639,,,9722,0,0,0,0,0,,25182872505,454,131,3.14.7,off,
factorial,3,54,py-epoll,thread,4,13,0,0,400,ok,262172.39,20.02,5248356,1.46,1.79,2.06,3.57,1.52,25.5,0,0,70.04452926208651,0.0,98.21363024593172,0.0,98.53157121879589,6566427,13211089,,,75726,,,,,,13211089,99891110466,752,1535,3.14.7,off,
factorial,4,55,c-epoll,thread,4,13,0,0,400,ok,294347.0,20.1,5916335,1.24,1.34,2.06,2.63,1.34,28.63,0,0,73.51698922019794,0.0,98.10103469263542,0.0,98.3933787731256,7415508,14932199,,,97895,0,0,0,0,0,,100428094996,7637,1462,3.14.7,off,
factorial,4,56,py-uring,thread,2,13,0,0,400,ok,204801.07,20.1,4116508,1.93,2.05,2.12,2.24,1.94,19.92,0,0,50.50933786078099,0.0,57.87263820853744,0.0,98.14814814814815,5187245,117568,,10376096,58783,,,,,,117568,50562185035,1705,180,3.14.7,off,
factorial,4,57,uringpy,thread,2,13,0,0,400,ok,227939.49,20.1,4581621,1.69,1.89,1.99,2.12,1.73,22.17,0,0,54.92782966494677,0.0,59.37455579246624,0.0,97.9297063071738,5742406,69675,68872,11486418,68872,0,0,0,0,0,,50515816453,3446,226,3.14.7,off,
factorial,4,58,py-epoll-batch,thread,2,13,0,0,400,ok,201475.89,20.1,4049674,1.88,1.99,2.09,3.92,1.96,19.6,0,0,57.36097400460678,0.0,59.03511276049101,0.0,98.34388699464199,5033683,10106956,,,36354,,,,,,74338,50309863016,4915,236,3.14.7,off,
factorial,4,59,py-epoll,thread,1,13,0,0,400,ok,105901.49,20.1,2128588,3.68,3.73,3.8,7.35,3.75,10.3,0,0,31.438975225957474,0.0,28.444626519186127,0.0,98.49001461276181,2679995,5369486,,,7009,,,,,,5369486,25189136717,145,142,3.14.7,off,
factorial,4,60,py-epoll,thread,4,13,0,0,400,ok,261230.15,20.1,5250638,1.44,1.6,1.95,3.18,1.51,25.41,0,0,70.02520478890989,0.0,98.11343719571568,0.0,98.39259620068192,6565212,13213495,,,80505,,,,,,13213495,100230386929,3494,1349,3.14.7,off,
factorial,4,61,uringpy,thread,4,13,0,0,400,ok,326082.32,20.1,6554268,1.17,1.3,1.42,1.64,1.19,31.72,0,0,75.08442031384493,0.0,98.00170586085049,0.0,98.34307992202729,8214609,186901,186098,16430824,186098,0,0,0,0,0,,100530269320,7891,1483,3.14.7,off,
factorial,4,62,py-uring,thread,1,13,0,0,400,ok,129097.68,20.01,2583123,3.08,3.12,3.17,3.3,3.35,12.56,0,0,35.36680036227196,0.0,29.181642244954382,0.0,96.90671822136298,3236954,33715,,6475514,16857,,,,,,33715,25261454013,143,156,3.14.7,off,
factorial,4,63,uringpy,thread,1,13,0,0,400,ok,137861.42,20.01,2759244,2.88,2.93,2.97,3.09,3.12,13.41,0,0,37.04135119394292,0.0,29.4250281848929,0.0,98.48262359275576,3450884,18626,17823,6903374,17823,0,0,0,0,0,,25171426965,192,142,3.14.7,off,
factorial,4,64,c-epoll,thread,2,13,0,0,400,ok,202825.85,20.1,4076751,1.98,2.12,2.22,4.18,1.96,19.73,0,0,57.64126149802891,0.0,59.05141717704031,0.0,98.49001461276181,5121459,10281248,,,35077,0,0,0,0,0,,50409096083,2211,289,3.14.7,off,
factorial,4,65,py-epoll,thread,2,13,0,0,400,ok,178479.09,20.1,3587464,2.14,2.2,2.26,4.34,2.22,17.36,0,0,51.08463381467332,0.0,57.773109243697476,0.0,98.00292255236239,4468988,8973083,,,32616,,,,,,8973083,50309434242,4408,241,3.14.7,off,
factorial,4,66,py-uring,thread,4,13,0,0,400,ok,303816.5,20.1,6106690,1.29,1.43,1.53,1.7,1.28,29.55,0,0,70.57747582963157,0.0,98.19688109161794,0.0,98.3933787731256,7642899,343306,,15287404,171651,,,,,,343306,100703297008,5945,1412,3.14.7,off,
factorial,4,67,c-epoll,thread,1,13,0,0,400,ok,120466.95,20.1,2421405,3.24,3.29,3.34,6.47,3.29,11.72,0,0,34.545691565636815,0.0,28.824169842133912,0.0,96.92011549566891,3055480,6125188,,,10998,0,0,0,0,0,,25248954239,995,159,3.14.7,off,
factorial,4,68,py-epoll-batch,thread,1,13,0,0,400,ok,127332.37,20.01,2548062,3.07,3.11,3.16,6.12,3.13,12.39,0,0,35.34584591153695,0.0,29.58981612446959,0.0,98.18893783651492,3163869,6339112,,,8149,,,,,,17917,25092197011,159,132,3.14.7,off,
factorial,4,69,py-uring-held,thread,4,13,0,0,400,ok,304007.99,20.01,6083082,1.25,1.39,1.54,1.83,1.27,29.57,0,0,72.71895424836602,0.0,98.21406727828746,0.0,98.53157121879589,7622086,329164,,15245778,164580,,,,,,164580,100543426577,2828,1321,3.14.7,off,
factorial,4,70,py-uring-held,thread,2,13,0,0,400,ok,217942.43,20.1,4380665,1.79,1.93,2.02,2.17,1.81,21.2,0,0,51.826208473607316,0.0,59.70063327576281,0.0,98.00389483933787,5467824,126386,,10937254,63192,,,,,,63192,50561127505,1987,230,3.14.7,off,
factorial,4,71,py-epoll-batch,thread,4,13,0,0,400,ok,291679.92,20.1,5862713,1.24,1.38,2.05,2.72,1.35,28.37,0,0,75.15116797148495,0.0,98.13664596273291,0.0,98.34388699464199,7327668,14749572,,,90975,,,,,,183605,100195971362,3670,1471,3.14.7,off,
factorial,4,72,py-uring-held,thread,1,13,0,0,400,ok,132222.8,20.01,2646174,3.01,3.05,3.1,3.2,3.27,12.86,0,0,33.88574770910509,0.0,29.570192576053586,0.0,96.95357833655706,3279502,33743,,6560610,16871,,,,,,16871,25168974144,143,185,3.14.7,off,
factorial,5,73,py-uring-held,thread,2,13,0,0,400,ok,213663.42,20.1,4294632,1.85,1.91,1.97,2.08,1.85,20.78,0,0,51.34124322930101,0.0,59.04612309010424,0.0,98.39259620068192,5364771,122892,,10731148,61445,,,,,,61445,50544300006,1960,216,3.14.7,off,
factorial,5,74,py-uring,thread,4,13,0,0,400,ok,302353.87,20.1,6077372,1.29,1.4,1.49,1.67,1.29,29.41,0,0,68.48172995505765,0.0,98.17362717642762,0.0,98.49001461276181,7610774,339108,,15223154,169552,,,,,,339108,100819452680,4211,1360,3.14.7,off,
factorial,5,75,py-epoll-batch,thread,4,13,0,0,400,ok,291537.96,20.1,5859961,1.25,1.43,1.83,2.88,1.36,28.36,0,0,73.26640639524075,0.0,98.12423873325213,0.0,98.44206426484908,7351597,14801036,,,94572,,,,,,190808,100544752617,4967,1542,3.14.7,off,
factorial,5,76,py-epoll,thread,4,13,0,0,400,ok,263439.27,20.1,5295142,1.38,1.55,1.9,3.11,1.5,25.63,0,0,71.19380430676237,0.0,98.02727715538236,0.0,98.3933787731256,6629321,13347929,,,86715,,,,,,13347929,100234242102,8463,1395,3.14.7,off,
factorial,5,77,py-uring,thread,1,13,0,0,400,ok,132121.25,20.01,2644389,3.01,3.06,3.11,3.26,3.26,12.85,0,0,37.13069445326895,0.0,29.259515570934255,0.0,97.2463768115942,3285516,33851,,6572638,16925,,,,,,33851,25174410261,150,153,3.14.7,off,
factorial,5,78,py-epoll-batch,thread,2,13,0,0,400,ok,193933.43,20.1,3898019,1.94,2.05,2.2,4.01,2.03,18.86,0,0,58.892445582586426,0.0,57.22214513667268,0.0,98.53801169590643,4922676,9878073,,,29484,,,,,,60599,50444078621,522,199,3.14.7,off,
factorial,5,79,py-epoll-batch,thread,1,13,0,0,400,ok,123565.92,20.01,2472136,3.15,3.2,3.24,6.3,3.22,12.02,0,0,35.673772736162725,0.0,29.209237228831352,0.0,98.14180929095355,3087940,6187228,,,8122,,,,,,17864,25096695895,177,127,3.14.7,off,
factorial,5,80,py-uring-held,thread,1,13,0,0,400,ok,128640.69,20.01,2574713,3.08,3.14,3.19,3.36,3.41,12.51,0,0,36.528966939566274,0.0,29.107915677788636,0.0,98.04305283757338,3231649,33645,,6464904,16822,,,,,,16822,25266294060,165,175,3.14.7,off,
factorial,5,81,c-epoll,thread,2,13,0,0,400,ok,200429.32,20.1,4028655,1.91,1.98,2.07,3.91,1.98,19.5,0,0,56.38221701490594,0.0,58.372125828748764,0.0,98.3933787731256,5051722,10139777,,,33075,0,0,0,0,0,,50439207858,1416,197,3.14.7,off,
factorial,5,82,py-uring,thread,2,13,0,0,400,ok,213405.18,20.1,4289451,1.8,2.03,2.14,2.31,1.85,20.76,0,0,53.25192802056555,0.0,58.61001688238604,0.0,98.12409812409813,5357315,112482,,10716236,56240,,,,,,112482,50612720300,298,236,3.14.7,off,
factorial,5,83,uringpy,thread,4,13,0,0,400,ok,327084.95,20.1,6574334,1.11,1.41,1.6,1.84,1.18,31.82,0,0,75.2755494684667,0.0,98.12469556746225,0.0,98.34469328140214,8236307,188263,187460,16474220,187460,0,0,0,0,0,,100700800794,6367,1362,3.14.7,off,
factorial,5,84,py-uring-held,thread,4,13,0,0,400,ok,303157.84,20.1,6093608,1.28,1.39,1.51,1.7,1.28,29.49,0,0,70.18339705787052,0.0,98.09002433090025,0.0,98.49001461276181,7639463,337900,,15280532,168948,,,,,,168948,100812644852,4335,1349,3.14.7,off,
factorial,5,85,py-epoll,thread,2,13,0,0,400,ok,180262.42,20.1,3623287,2.12,2.17,2.23,4.3,2.2,17.53,0,0,51.67467178994556,0.0,58.11267605633803,0.0,98.34307992202729,4509796,9054992,,,32914,,,,,,9054992,50322230478,4300,200,3.14.7,off,
factorial,5,86,c-epoll,thread,1,13,0,0,400,ok,124486.56,20.01,2491461,3.13,3.18,3.22,6.26,3.2,12.11,0,0,34.72240365774004,0.0,29.26112510495382,0.0,98.09197651663405,3116318,6245699,,,9828,0,0,0,0,0,,25170751839,588,125,3.14.7,off,
factorial,5,87,c-epoll,thread,4,13,0,0,400,ok,295345.38,20.1,5936441,1.24,1.46,1.88,2.9,1.33,28.73,0,0,75.75890893092829,0.0,97.2091904246361,0.0,97.97882579403273,7431391,14966326,,,100212,0,0,0,0,0,,100227641274,9015,1421,3.14.7,off,
factorial,5,88,py-epoll,thread,1,13,0,0,400,ok,107008.38,20.01,2141650,3.66,3.7,3.75,7.31,3.73,10.41,0,0,29.89543417548873,0.0,28.510579829623524,0.0,98.09104258443466,2680975,5373305,,,8885,,,,,,5373305,25170174986,503,111,3.14.7,off,
factorial,5,89,uringpy,thread,2,13,0,0,400,ok,227613.42,20.1,4574991,1.68,1.91,2.02,2.2,1.72,22.14,0,0,56.74694189602447,0.0,59.04490377761939,0.0,98.19600195026817,5696728,67139,66336,11395062,66336,0,0,0,0,0,,50531489571,2790,226,3.14.7,off,
factorial,5,90,uringpy,thread,1,13,0,0,400,ok,142390.58,20.02,2850076,2.79,2.83,2.87,3.0,3.01,13.85,0,0,37.61165663604688,0.0,29.84777350974534,0.0,98.09197651663405,3543679,19025,18222,7088964,18222,0,0,0,0,0,,25179317131,153,139,3.14.7,off,
