experiment,rep,order,engine,mode,workers,resp_size,max_batch,handler_work,status,rps,duration_s,requests,lat_p50_ms,lat_p75_ms,lat_p90_ms,lat_p99_ms,lat_avg_ms,transfer_mb_s,socket_errors,non_2xx,client_cpu_pct,client_steal_pct,server_cpu_pct,server_steal_pct,server_max_core_pct,srv_requests,srv_syscalls,srv_enters,srv_completions,srv_waits,srv_handler_errors,srv_handler_calls,srv_gil_hold_ns,srv_gil_wait_ns,srv_gil_acquires,srv_cpu_ns,srv_python,srv_gil,note
app,1,1,uringpy-app-batch,process,1,13,0,0,ok,135120.43,20.01,2704076,2.93,2.98,3.03,3.17,3.21,14.69,0,0,34.2357088894485,0.0,29.418407679277244,0.0,98.09197651663405,3348294,18013,17210,6698194,17209,0,3348294,0,0,16958,25112658490,3.14.7,off,
app,1,2,asyncio-app,thread,4,13,0,0,ok,153054.83,20.1,3076422,2.61,2.83,3.04,3.21,2.59,16.64,0,0,44.30083043128851,0.0,98.20993667803215,0.0,98.49001461276181,,,,,,,,,,,100366574177,3.14.7,off,
app,1,3,uringpy-app,thread,2,13,0,0,ok,207915.94,20.09,4176231,1.89,1.96,2.03,2.17,1.9,22.6,0,0,49.781113195747345,0.0,59.215406562054206,0.0,98.39181286549707,5198058,63095,62292,10397722,62292,0,5198058,0,0,5198058,50480191350,3.14.7,off,
app,1,4,asyncio-app,process,1,13,0,0,ok,57045.57,20.02,1142318,6.98,7.04,7.1,7.3,7.14,6.2,0,0,16.394910160496195,0.0,26.753585397653193,0.0,98.23874755381604,,,,,,,,,,,25094823983,3.14.7,off,
app,1,5,uringpy-app-batch,process,2,13,0,0,ok,205885.83,20.01,4120438,1.9,2.08,2.18,2.34,1.92,22.38,0,0,50.16062992125984,0.0,57.518430936152456,0.0,96.90522243713733,5151274,57300,56497,10304154,56495,0,5151274,0,0,54829,50342782228,3.14.7,off,
app,1,6,uringpy-app,thread,4,13,0,0,ok,292999.36,20.1,5889322,1.32,1.42,1.52,1.72,1.33,31.85,0,0,68.21615339918652,0.0,98.06310147399196,0.0,98.34307992202729,7355374,158483,157680,14712354,157680,0,7355374,0,0,7355374,100423626393,3.14.7,off,
app,1,7,uringpy-app,process,1,13,0,0,ok,124784.27,20.01,2497261,3.18,3.24,3.29,3.42,3.34,13.57,0,0,33.56302946010874,0.0,28.83921133018606,0.0,98.4841075794621,3103006,16823,16020,6207618,16019,0,3103006,0,0,3103006,25111200485,3.14.7,off,
app,1,8,asyncio-app,thread,1,13,0,0,ok,56834.06,20.02,1137555,7.01,7.07,7.13,7.26,7.1,6.18,0,0,15.954956664768773,0.0,26.613948664765363,0.0,98.1427174975562,,,,,,,,,,,25237424065,3.14.7,off,
app,1,9,uringpy-app-batch,process,4,13,0,0,ok,297430.67,20.01,5951282,1.28,1.51,1.66,1.86,1.31,32.34,0,0,69.5346008578196,0.0,98.22564855604503,0.0,98.4818805093046,7452749,162108,161305,14907104,161301,0,7452749,0,0,156653,100346239676,3.14.7,off,
app,1,10,uringpy-app,process,2,13,0,0,ok,200926.98,20.1,4038507,1.9,2.18,2.28,2.43,1.96,21.84,0,0,48.5984232261294,0.0,57.07410972088547,0.0,98.17043813192105,5049259,57463,56660,10100124,56658,0,5049259,0,0,5049259,50515195714,3.14.7,off,
app,1,11,asyncio-proto-app,process,1,13,0,0,ok,79838.78,20.02,1598446,4.91,4.96,5.01,9.8,5.05,8.68,0,0,23.483153251070902,0.0,27.481323372465315,0.0,98.19070904645477,,,,,,,,,,,25089515656,3.14.7,off,
app,1,12,asyncio-app,process,4,13,0,0,ok,157531.93,20.02,3154135,2.46,2.68,2.98,3.54,2.49,17.13,0,0,55.49904220886452,0.0,98.2031536486982,0.0,98.48558866634099,,,,,,,,,,,100383539814,3.14.7,off,
app,1,13,uringpy-app-batch,thread,4,13,0,0,ok,281203.24,20.03,5632720,1.32,1.52,1.69,2.55,1.32,30.57,0,0,73.27591587093553,0.0,96.55677655677655,0.0,97.16796875,7022843,293895,293092,14047292,293092,0,7022843,0,0,248835,97994133956,3.14.7,off,
app,1,14,uringpy-app-batch,thread,2,13,0,0,ok,197338.99,20.03,3952671,1.93,2.06,2.19,2.95,1.95,21.45,0,0,57.615398990842834,0.0,56.942515967786726,0.0,98.38472834067548,4957292,59132,58329,9916190,58329,0,4957292,0,0,56375,50222208847,3.14.7,off,
app,1,15,asyncio-proto-app,process,4,13,0,0,ok,206673.37,20.02,4138223,1.79,1.99,2.45,3.99,1.87,22.47,0,0,64.54642333821766,0.0,97.19806763285024,0.0,98.35907335907336,,,,,,,,,,,99992368782,3.14.7,off,
app,1,16,uringpy-app,thread,1,13,0,0,ok,126761.13,20.02,2537639,3.1,3.17,3.23,3.73,3.4,13.78,0,0,38.56552760045062,0.0,28.90929326655537,0.0,98.13999021047479,3161587,17122,16319,6324780,16319,0,3161587,0,0,3161587,25182171458,3.14.7,off,
app,1,17,uringpy-app,process,4,13,0,0,ok,295468.5,20.1,5938879,1.32,1.47,1.6,1.81,1.32,32.12,0,0,67.32788798133022,0.0,98.23321554770318,0.0,98.488542174549,7425900,167781,166978,14853406,166974,0,7425900,0,0,7425900,100581947146,3.14.7,off,
app,1,18,asyncio-app,process,2,13,0,0,ok,94972.98,20.02,1901074,4.18,4.28,4.37,4.69,4.3,10.33,0,0,34.532876364559534,0.0,52.90288987242906,0.0,98.4841075794621,,,,,,,,,,,50338925498,3.14.7,off,
app,1,19,asyncio-proto-app,thread,1,13,0,0,ok,78721.65,20.02,1576163,4.98,5.03,5.08,9.95,5.17,8.56,0,0,21.73634265196204,0.0,27.556742323097463,0.0,98.14090019569471,,,,,,,,,,,25150133330,3.14.7,off,
app,1,20,uringpy-app-batch,thread,1,13,0,0,ok,127773.42,20.02,2558270,3.11,3.16,3.2,3.33,3.37,13.89,0,0,32.207136090937794,0.0,28.877593075971973,0.0,96.86141960405601,3207229,17344,16541,6416064,16541,0,3207229,0,0,16292,25179058169,3.14.7,off,
app,1,21,asyncio-proto-app,process,2,13,0,0,ok,135612.18,20.02,2714909,2.84,2.93,3.0,5.79,2.94,14.74,0,0,41.37886263308231,0.0,55.730091517552246,0.0,98.53228962818004,,,,,,,,,,,50294547410,3.14.7,off,
app,1,22,asyncio-app,thread,2,13,0,0,ok,96061.78,20.01,1922580,4.07,4.47,4.55,4.69,4.15,10.44,0,0,27.898105644274906,0.0,53.214613067958624,0.0,98.58051884483602,,,,,,,,,,,50175452166,3.14.7,off,
app,1,23,asyncio-proto-app,thread,4,13,0,0,ok,197971.33,20.1,3979232,1.86,2.08,2.3,4.22,2.01,21.52,0,0,55.10516506922258,0.0,98.2699805068226,0.0,98.53801169590643,,,,,,,,,,,100622007614,3.14.7,off,
app,1,24,asyncio-proto-app,thread,2,13,0,0,ok,129482.66,20.1,2602536,3.01,3.18,3.29,6.23,3.07,14.08,0,0,38.669760247486465,0.0,54.581832733093236,0.0,98.10034096444228,,,,,,,,,,,50500098186,3.14.7,off,
app,2,25,asyncio-proto-app,process,1,13,0,0,ok,78812.47,20.02,1577742,4.96,5.02,5.08,9.92,5.2,8.57,0,0,23.095728255275347,0.0,27.33237107991077,0.0,96.9579913085466,,,,,,,,,,,25082863345,3.14.7,off,
app,2,26,uringpy-app,process,4,13,0,0,ok,295204.12,20.09,5930109,1.3,1.45,1.57,1.77,1.32,32.09,0,0,67.93986708819924,0.0,98.09918362373584,0.0,98.44130540672187,7413555,160604,159801,14828716,159797,0,7413555,0,0,7413555,100342264366,3.14.7,off,
app,2,27,asyncio-proto-app,thread,2,13,0,0,ok,128905.71,20.1,2591010,3.0,3.11,3.19,6.14,3.09,14.01,0,0,39.079865598345826,0.0,54.80717728976968,0.0,98.14814814814815,,,,,,,,,,,50342812200,3.14.7,off,
app,2,28,uringpy-app-batch,thread,2,13,0,0,ok,214563.06,20.1,4312736,1.82,1.96,2.05,2.19,1.85,23.33,0,0,50.939907550077045,0.0,59.75785528970885,0.0,98.39181286549707,5349705,64590,63787,10701016,63787,0,5349705,0,0,60446,50505055421,3.14.7,off,
app,2,29,asyncio-proto-app,process,2,13,0,0,ok,133365.69,20.1,2680661,2.89,2.95,3.02,5.83,2.98,14.5,0,0,39.38369522818879,0.0,55.385656292286875,0.0,98.19688109161794,,,,,,,,,,,50480640094,3.14.7,off,
app,2,30,uringpy-app-batch,process,4,13,0,0,ok,297608.79,20.1,5981971,1.27,1.42,1.62,1.85,1.31,32.36,0,0,68.19699499165276,0.0,97.09029698208488,0.0,97.88257940327237,7498718,168809,168006,14999042,168002,0,7498718,0,0,161733,100543974925,3.14.7,off,
app,2,31,asyncio-proto-app,thread,4,13,0,0,ok,199879.6,20.1,4017596,1.89,2.14,2.3,4.26,1.99,21.73,0,0,56.18196478967881,0.0,98.13641900121803,0.0,98.44130540672187,,,,,,,,,,,100513989303,3.14.7,off,
app,2,32,asyncio-app,process,2,13,0,0,ok,99012.91,20.02,1982148,4.03,4.18,4.25,4.38,4.03,10.76,0,0,29.51527652442955,0.0,53.455070940620075,0.0,98.53228962818004,,,,,,,,,,,50170946623,3.14.7,off,
app,2,33,uringpy-app,thread,1,13,0,0,ok,124829.66,20.02,2498523,3.18,3.23,3.27,3.38,3.41,13.57,0,0,31.989548338932437,0.0,29.075935231714126,0.0,98.09384164222874,3113157,17207,16404,6227920,16404,0,3113157,0,0,3113157,25257711857,3.14.7,off,
app,2,34,uringpy-app,process,1,13,0,0,ok,126441.16,20.02,2530945,3.15,3.21,3.26,3.38,3.49,13.75,0,0,33.59414437152953,0.0,28.86726893676164,0.0,97.998046875,3150479,17103,16300,6302564,16299,0,3150479,0,0,3150479,25115200039,3.14.7,off,
app,2,35,asyncio-proto-app,process,4,13,0,0,ok,203175.26,20.1,4083830,1.85,1.98,2.11,3.94,1.95,22.09,0,0,57.866415551220825,0.0,97.20952610055329,0.0,98.02504816955684,,,,,,,,,,,100645419118,3.14.7,off,
app,2,36,uringpy-app,process,2,13,0,0,ok,200259.42,20.02,4008599,1.98,2.08,2.16,2.31,1.99,21.77,0,0,50.7306755544161,0.0,57.68474290531048,0.0,98.38630806845966,4999822,52210,51407,10001250,51405,0,4999822,0,0,4999822,50191224034,3.14.7,off,
app,2,37,uringpy-app,thread,4,13,0,0,ok,291632.54,20.1,5861850,1.32,1.44,1.57,1.81,1.33,31.71,0,0,65.83462332301342,0.0,98.05068226120858,0.0,98.29517778860205,7337205,164740,163937,14676016,163937,0,7337205,0,0,7337205,100583736067,3.14.7,off,
app,2,38,uringpy-app,thread,2,13,0,0,ok,194753.6,20.1,3914528,2.03,2.1,2.15,2.26,2.04,21.17,0,0,48.201035106316645,0.0,57.05181490717651,0.0,98.00292255236239,4924604,59968,59165,9850814,59165,0,4924604,0,0,4924604,50500885958,3.14.7,off,
app,2,39,asyncio-app,process,4,13,0,0,ok,154861.47,20.1,3112728,2.52,2.7,2.85,2.99,2.57,16.84,0,0,43.36915170526597,0.0,98.23407623919132,0.0,98.49001461276181,,,,,,,,,,,100815791168,3.14.7,off,
app,2,40,uringpy-app-batch,thread,1,13,0,0,ok,129096.36,20.02,2584504,3.08,3.12,3.17,3.33,3.4,14.04,0,0,33.48293299620733,0.0,29.016687353468487,0.0,97.34299516908213,3219926,17420,16617,6441458,16617,0,3219926,0,0,16368,25178107684,3.14.7,off,
app,2,41,asyncio-app,thread,4,13,0,0,ok,152406.45,20.1,3063379,2.65,2.85,2.93,3.08,2.61,16.57,0,0,42.618871477570785,0.0,98.20993667803215,0.0,98.5372988785958,,,,,,,,,,,100679781365,3.14.7,off,
app,2,42,asyncio-proto-app,thread,1,13,0,0,ok,77904.14,20.02,1559632,5.03,5.08,5.13,10.06,5.22,8.47,0,0,22.87803939180086,0.0,27.430093209054593,0.0,98.1427174975562,,,,,,,,,,,25145214848,3.14.7,off,
app,2,43,uringpy-app-batch,process,1,13,0,0,ok,129880.94,20.02,2600203,3.06,3.11,3.15,3.27,3.32,14.12,0,0,33.071699993770636,0.0,28.98186889818689,0.0,98.14090019569471,3234836,17584,16781,6471278,16780,0,3234836,0,0,16418,25119334472,3.14.7,off,
app,2,44,asyncio-app,process,1,13,0,0,ok,57482.76,20.01,1150450,6.93,6.99,7.06,7.27,7.07,6.25,0,0,15.690537084398978,0.0,26.753585397653193,0.0,98.18893783651492,,,,,,,,,,,25179984964,3.14.7,off,
app,2,45,uringpy-app-batch,process,2,13,0,0,ok,208605.88,20.1,4192950,1.88,1.95,2.01,2.15,1.9,22.68,0,0,50.80157195433847,0.0,58.01228364042434,0.0,98.46005774783445,5225773,63409,62606,10453152,62604,0,5225773,0,0,59084,50451822087,3.14.7,off,
app,2,46,uringpy-app-batch,thread,4,13,0,0,ok,293730.15,20.1,5903969,1.33,1.46,1.56,1.75,1.33,31.93,0,0,67.40175652285403,0.0,98.07504873294347,0.0,98.39024390243902,7402910,166260,165457,14807426,165457,0,7402910,0,0,159186,100708721843,3.14.7,off,
app,2,47,asyncio-app,thread,1,13,0,0,ok,55688.27,20.02,1114713,7.14,7.22,7.29,7.56,7.32,6.05,0,0,15.30317613089509,0.0,26.622533748701972,0.0,98.53372434017595,,,,,,,,,,,25239389406,3.14.7,off,
app,2,48,asyncio-app,thread,2,13,0,0,ok,96814.17,20.01,1937168,4.11,4.17,4.24,4.43,4.12,10.53,0,0,27.981943031536115,0.0,53.578947368421055,0.0,98.23788546255507,,,,,,,,,,,50170493289,3.14.7,off,
app,3,49,asyncio-app,process,1,13,0,0,ok,56691.68,20.02,1134846,7.03,7.1,7.17,7.37,7.09,6.16,0,0,15.240847784200385,0.0,26.903091712133023,0.0,98.18982387475538,,,,,,,,,,,25096532861,3.14.7,off,
app,3,50,asyncio-proto-app,thread,2,13,0,0,ok,129586.68,20.1,2604696,2.98,3.05,3.13,6.03,3.07,14.09,0,0,39.023122889062094,0.0,54.71948949747408,0.0,97.25829725829726,,,,,,,,,,,50475221429,3.14.7,off,
app,3,51,uringpy-app-batch,thread,1,13,0,0,ok,125048.87,20.01,2502735,3.18,3.23,3.28,3.43,3.49,13.6,0,0,32.07535242429989,0.0,28.72591154859282,0.0,98.09104258443466,3132294,16932,16129,6266194,16129,0,3132294,0,0,15878,25168722565,3.14.7,off,
app,3,52,uringpy-app,process,2,13,0,0,ok,202528.0,20.01,4053194,1.94,2.12,2.21,2.35,1.97,22.02,0,0,51.633777549974376,0.0,58.576097768935625,0.0,98.14090019569471,5079500,52915,52112,10160606,52110,0,5079500,0,0,5079500,50209235372,3.14.7,off,
app,3,53,asyncio-proto-app,thread,1,13,0,0,ok,77620.99,20.02,1554187,5.04,5.09,5.14,10.08,5.24,8.44,0,0,21.64357073799549,0.0,27.459231983166756,0.0,96.91119691119691,,,,,,,,,,,25230832499,3.14.7,off,
app,3,54,asyncio-app,process,2,13,0,0,ok,99007.34,20.1,1990042,4.0,4.3,4.45,4.63,4.01,10.76,0,0,29.03889424622308,0.0,53.431115767417495,0.0,98.05258033106135,,,,,,,,,,,50498693166,3.14.7,off,
app,3,55,uringpy-app,thread,1,13,0,0,ok,123575.66,20.01,2472879,3.22,3.26,3.3,3.44,3.56,13.44,0,0,33.64055299539171,0.0,29.030455434478906,0.0,98.04305283757338,3082693,16677,15874,6166992,15874,0,3082693,0,0,3082693,25162040261,3.14.7,off,
app,3,56,asyncio-app,process,4,13,0,0,ok,155348.66,20.1,3122509,2.51,2.67,2.91,3.08,2.56,16.89,0,0,44.45624046181408,0.0,97.25928597187162,0.0,98.02884615384616,,,,,,,,,,,100729646928,3.14.7,off,
app,3,57,asyncio-app,thread,2,13,0,0,ok,96737.44,20.1,1944437,4.13,4.23,4.3,4.44,4.11,10.52,0,0,28.18510391119143,0.0,53.33681598537286,0.0,98.49074975657254,,,,,,,,,,,50521447701,3.14.7,off,
app,3,58,asyncio-app,thread,1,13,0,0,ok,56919.41,20.02,1139250,6.96,7.02,7.08,7.55,7.53,6.19,0,0,15.715017283318398,0.0,26.809895833333332,0.0,98.1427174975562,,,,,,,,,,,25239253175,3.14.7,off,
app,3,59,uringpy-app,process,1,13,0,0,ok,126114.89,20.01,2523571,3.15,3.2,3.25,3.39,3.35,13.71,0,0,33.033166339019594,0.0,29.044269755895737,0.0,96.85838569357178,3136944,16986,16183,6275494,16182,0,3136944,0,0,3136944,25114271667,3.14.7,off,
app,3,60,asyncio-proto-app,thread,4,13,0,0,ok,198460.69,20.1,3989088,1.92,2.02,2.14,4.01,2.0,21.58,0,0,56.09886439545758,0.0,98.12469556746225,0.0,98.44054580896686,,,,,,,,,,,100632882760,3.14.7,off,
app,3,61,uringpy-app-batch,thread,2,13,0,0,ok,202576.85,20.1,4071815,1.94,2.01,2.08,2.2,1.95,22.02,0,0,48.577749683944376,0.0,57.781828379136286,0.0,98.00194931773879,5111394,57830,57027,10224394,57027,0,5111394,0,0,54745,50365999196,3.14.7,off,
app,3,62,uringpy-app,process,4,13,0,0,ok,293538.58,20.1,5900074,1.32,1.42,1.51,1.7,1.33,31.91,0,0,66.97004905757811,0.0,97.23491223851887,0.0,98.07599807599807,7380978,162153,161350,14763562,161346,0,7380978,0,0,7380978,100773059781,3.14.7,off,
app,3,63,asyncio-app,thread,4,13,0,0,ok,149760.73,20.1,3010200,2.65,2.77,2.85,3.06,3.06,16.28,0,0,42.28210246174318,0.0,98.24689554419284,0.0,98.53872381880176,,,,,,,,,,,100705349377,3.14.7,off,
app,3,64,asyncio-proto-app,process,2,13,0,0,ok,135900.92,20.1,2731636,2.84,2.92,3.01,5.76,2.92,14.77,0,0,39.16197137491095,0.0,55.66268332428028,0.0,98.14814814814815,,,,,,,,,,,50474843862,3.14.7,off,
app,3,65,uringpy-app,thread,4,13,0,0,ok,288368.12,20.1,5796259,1.26,1.44,1.84,2.1,1.35,31.35,0,0,65.88349514563107,0.0,97.11365003006614,0.0,97.93070259865254,7261326,164040,163237,14524258,163237,0,7261326,0,0,7261326,100546110594,3.14.7,off,
app,3,66,uringpy-app-batch,process,1,13,0,0,ok,127852.9,20.1,2569817,3.1,3.16,3.21,3.35,3.39,13.9,0,0,29.93848690468641,0.0,28.75086266390614,0.0,98.05258033106135,3211290,19248,18445,6424186,18444,0,3211290,0,0,18057,25283275348,3.14.7,off,
app,3,67,uringpy-app-batch,process,2,13,0,0,ok,207107.3,20.1,4162908,1.89,1.97,2.05,2.18,1.9,22.52,0,0,48.26460804619344,0.0,58.30628087508821,0.0,98.44130540672187,5198958,63782,62979,10399522,62977,0,5198958,0,0,59209,50451943207,3.14.7,off,
app,3,68,uringpy-app-batch,process,4,13,0,0,ok,295836.67,20.1,5946357,1.32,1.45,1.56,1.73,1.32,32.16,0,0,66.55045638945234,0.0,98.05139447083181,0.0,98.29351535836177,7438547,169254,168451,14878700,168447,0,7438547,0,0,160537,100517383150,3.14.7,off,
app,3,69,uringpy-app-batch,thread,4,13,0,0,ok,293568.03,20.1,5900755,1.26,1.52,1.68,1.89,1.33,31.92,0,0,67.14606741573034,0.0,98.03969316936563,0.0,98.29351535836177,7399915,164951,164148,14801436,164148,0,7399915,0,0,158282,100698625420,3.14.7,off,
app,3,70,uringpy-app,thread,2,13,0,0,ok,197876.5,20.01,3959301,1.99,2.14,2.23,2.38,2.01,21.51,0,0,50.519141346582586,0.0,57.255498685848664,0.0,98.16069699903194,4974565,52116,51313,9950736,51313,0,4974565,0,0,4974565,50424030326,3.14.7,off,
app,3,71,asyncio-proto-app,process,1,13,0,0,ok,79224.49,20.02,1585984,4.93,4.98,5.03,9.87,5.21,8.61,0,0,22.528425515513586,0.0,27.553889409559513,0.0,98.14090019569471,,,,,,,,,,,25088039257,3.14.7,off,
app,3,72,asyncio-proto-app,process,4,13,0,0,ok,207881.65,20.1,4178411,1.82,1.99,2.11,3.95,1.91,22.6,0,0,57.547484171942685,0.0,98.30591102985984,0.0,98.58674463937622,,,,,,,,,,,100649411622,3.14.7,off,
app,4,73,uringpy-app-batch,process,2,13,0,0,ok,207941.49,20.1,4179562,1.86,2.06,2.17,2.31,1.9,22.61,0,0,49.71145402082549,0.0,57.957874180499374,0.0,97.97979797979798,5221790,60145,59342,10445186,59340,0,5221790,0,0,56667,50308539853,3.14.7,off,
app,4,74,uringpy-app-batch,thread,4,13,0,0,ok,293948.49,20.02,5885046,1.32,1.43,1.53,1.73,1.33,31.96,0,0,67.18830499742401,0.0,98.25033647375504,0.0,98.67776689520079,7380073,157121,156318,14761752,156318,0,7380073,0,0,153247,100558186977,3.14.7,off,
app,4,75,uringpy-app,process,2,13,0,0,ok,202754.09,20.1,4075403,1.86,2.21,2.33,2.5,1.96,22.04,0,0,49.44409349336703,0.0,57.85924989464812,0.0,98.44130540672187,5108905,57780,56977,10219416,56975,0,5108905,0,0,5108905,50324031571,3.14.7,off,
app,4,76,uringpy-app-batch,process,4,13,0,0,ok,294499.94,20.1,5919515,1.27,1.43,1.73,1.99,1.32,32.02,0,0,67.54217791411043,0.0,97.1614144815973,0.0,97.88461538461539,7414636,166637,165834,14830878,165830,0,7414636,0,0,159685,100667492652,3.14.7,off,
app,4,77,uringpy-app,thread,1,13,0,0,ok,126044.72,20.02,2523530,3.15,3.2,3.25,3.37,3.31,13.7,0,0,33.09338769269971,0.0,29.13694222968247,0.0,98.43520782396088,3121988,16943,16140,6245582,16140,0,3121988,0,0,3121988,25175534047,3.14.7,off,
app,4,78,asyncio-app,thread,1,13,0,0,ok,55933.12,20.02,1119723,7.12,7.19,7.25,7.47,7.2,6.08,0,0,15.43134872417983,0.0,26.646745485253994,0.0,98.53300733496333,,,,,,,,,,,25156805950,3.14.7,off,
app,4,79,asyncio-proto-app,thread,4,13,0,0,ok,197580.45,20.01,3953396,1.93,2.06,2.19,4.09,2.02,21.48,0,0,56.708574469500434,0.0,97.27053140096618,0.0,98.02123552123552,,,,,,,,,,,100032588079,3.14.7,off,
app,4,80,asyncio-app,process,4,13,0,0,ok,155422.7,20.1,3123995,2.56,2.69,2.8,2.96,2.56,16.9,0,0,43.99946956637051,0.0,98.25822168087699,0.0,98.539435248296,,,,,,,,,,,100872903265,3.14.7,off,
app,4,81,asyncio-app,process,2,13,0,0,ok,101018.36,20.1,2030468,3.89,4.17,4.25,4.42,4.06,10.98,0,0,28.87029288702929,0.0,53.890793985755735,0.0,98.24475865431496,,,,,,,,,,,50507991220,3.14.7,off,
app,4,82,uringpy-app,thread,2,13,0,0,ok,196423.87,20.1,3948138,2.01,2.1,2.18,2.32,2.03,21.35,0,0,48.490530658166136,0.0,57.551248082554736,0.0,98.2439024390244,4955905,56017,55214,9913416,55214,0,4955905,0,0,4955905,50545161875,3.14.7,off,
app,4,83,uringpy-app,process,1,13,0,0,ok,123931.17,20.02,2481098,3.21,3.25,3.3,3.43,3.52,13.47,0,0,32.54058853373922,0.0,29.052543320290667,0.0,98.48484848484848,3089539,16739,15936,6180684,15935,0,3089539,0,0,3089539,25113899262,3.14.7,off,
app,4,84,asyncio-proto-app,thread,2,13,0,0,ok,129226.54,20.1,2597471,2.98,3.04,3.11,6.01,3.08,14.05,0,0,38.68664780036018,0.0,54.47563559322034,0.0,97.97979797979798,,,,,,,,,,,50464958387,3.14.7,off,
app,4,85,asyncio-proto-app,process,2,13,0,0,ok,132934.52,20.1,2672009,2.9,2.98,3.05,5.87,2.99,14.45,0,0,39.32944419514072,0.0,55.28554070473876,0.0,98.49001461276181,,,,,,,,,,,50454876263,3.14.7,off,
app,4,86,uringpy-app-batch,thread,1,13,0,0,ok,129593.87,20.02,2593953,3.06,3.11,3.16,3.29,3.36,14.09,0,0,32.6955862852813,0.0,29.175445989605283,0.0,98.4841075794621,3225354,17604,16801,6452314,16801,0,3225354,0,0,16543,25255379418,3.14.7,off,
app,4,87,asyncio-app,thread,2,13,0,0,ok,97439.52,20.1,1958541,4.08,4.24,4.33,4.53,4.54,10.59,0,0,28.204963765792343,0.0,53.220382824624934,0.0,97.35322425409048,,,,,,,,,,,50506608291,3.14.7,off,
app,4,88,asyncio-proto-app,process,1,13,0,0,ok,77736.67,20.01,1555891,5.04,5.09,5.14,10.07,5.2,8.45,0,0,21.11865502748141,0.0,27.55211117049706,0.0,98.18893783651492,,,,,,,,,,,25083894907,3.14.7,off,
app,4,89,uringpy-app,process,4,13,0,0,ok,291987.08,20.1,5868950,1.33,1.48,1.59,1.8,1.48,31.74,0,0,66.23007935995871,0.0,98.06050256160039,0.0,98.28515433610976,7345796,165515,164712,14693198,164708,0,7345796,0,0,7345796,100461734965,3.14.7,off,
app,4,90,asyncio-proto-app,thread,1,13,0,0,ok,79522.4,20.02,1592205,4.93,4.98,5.03,9.84,5.1,8.65,0,0,21.27810803825278,0.0,27.542932628797885,0.0,98.1651376146789,,,,,,,,,,,25240834318,3.14.7,off,
app,4,91,asyncio-app,thread,4,13,0,0,ok,151457.54,20.1,3044313,2.59,2.84,3.06,3.26,2.62,16.47,0,0,42.749154565347126,0.0,98.28195442914586,0.0,98.5372988785958,,,,,,,,,,,100777478845,3.14.7,off,
app,4,92,asyncio-app,process,1,13,0,0,ok,56282.43,20.02,1126589,7.08,7.15,7.22,7.45,7.2,6.12,0,0,15.097838598286225,0.0,26.653671215074723,0.0,98.19070904645477,,,,,,,,,,,25181486292,3.14.7,off,
app,4,93,uringpy-app-batch,thread,2,13,0,0,ok,202539.48,20.1,4071072,1.95,2.01,2.07,2.19,1.96,22.02,0,0,48.51397495889718,0.0,57.818332642057236,0.0,98.41346153846153,5123528,58551,57748,10248662,57748,0,5123528,0,0,55792,50562620616,3.14.7,off,
app,4,94,uringpy-app,thread,4,13,0,0,ok,289323.71,20.1,5815439,1.32,1.48,1.61,1.85,1.35,31.45,0,0,66.37030306963463,0.0,98.07575203994641,0.0,98.39259620068192,7277155,161211,160408,14555916,160408,0,7277155,0,0,7277155,100397581110,3.14.7,off,
app,4,95,uringpy-app-batch,process,1,13,0,0,ok,125650.07,20.01,2514537,3.16,3.22,3.27,3.41,3.49,13.66,0,0,31.23494357803981,0.0,29.320603293206034,0.0,98.0440097799511,3149718,17021,16218,6301042,16217,0,3149718,0,0,15965,25107129301,3.14.7,off,
app,4,96,asyncio-proto-app,process,4,13,0,0,ok,201916.0,20.1,4058448,1.85,1.99,2.15,3.98,1.97,21.95,0,0,56.628194008939886,0.0,97.30672117350007,0.0,98.17307692307692,,,,,,,,,,,100565889984,3.14.7,off,
app,5,97,asyncio-app,thread,4,13,0,0,ok,148671.56,20.1,2988306,2.51,2.65,3.38,3.57,2.67,16.16,0,0,42.98429319371728,0.0,98.27019125350225,0.0,98.58674463937622,,,,,,,,,,,100689087236,3.14.7,off,
app,5,98,asyncio-app,process,2,13,0,0,ok,100166.42,20.1,2013346,4.35,4.58,4.67,4.83,3.97,10.89,0,0,28.2576679259781,0.0,53.533499409990824,0.0,98.24475865431496,,,,,,,,,,,50504038110,3.14.7,off,
app,5,99,uringpy-app,process,4,13,0,0,ok,292741.24,20.1,5884112,1.36,1.49,1.61,1.82,1.33,31.83,0,0,66.90109039292858,0.0,97.11469103149796,0.0,97.92870905587668,7361835,162585,161782,14725276,161778,0,7361835,0,0,7361835,100644620690,3.14.7,off,
app,5,100,asyncio-proto-app,process,1,13,0,0,ok,81501.97,20.02,1631898,4.79,4.84,4.9,9.59,5.07,8.86,0,0,24.413987447162803,0.0,27.744886975242196,0.0,98.14090019569471,,,,,,,,,,,25076322845,3.14.7,off,
app,5,101,uringpy-app-batch,thread,2,13,0,0,ok,203649.18,20.1,4093354,1.94,2.0,2.07,2.19,1.95,22.14,0,0,47.84490871447393,0.0,58.00477059071138,0.0,98.44054580896686,5128537,58222,57419,10258680,57419,0,5128537,0,0,55227,50369477349,3.14.7,off,
app,5,102,asyncio-app,process,1,13,0,0,ok,56918.84,20.02,1139452,7.0,7.07,7.14,7.32,7.18,6.19,0,0,15.44018924621188,0.0,26.632456703014753,0.0,96.95652173913044,,,,,,,,,,,25097680476,3.14.7,off,
app,5,103,asyncio-app,thread,1,13,0,0,ok,56981.37,20.01,1140429,6.94,7.01,7.09,7.87,7.49,6.19,0,0,15.111737209451238,0.0,26.74720706677059,0.0,98.58190709046455,,,,,,,,,,,25145646894,3.14.7,off,
app,5,104,uringpy-app-batch,process,1,13,0,0,ok,129691.53,20.02,2596417,3.06,3.11,3.16,3.3,3.3,14.1,0,0,31.740808707207492,0.0,29.24634420697413,0.0,98.43673668783586,3239441,17520,16717,6480488,16716,0,3239441,0,0,16460,25113879239,3.14.7,off,
app,5,105,uringpy-app-batch,thread,1,13,0,0,ok,123925.56,20.01,2479812,3.21,3.26,3.31,3.46,3.49,13.47,0,0,32.332020830687156,0.0,28.71962871962872,0.0,96.90970545630131,3125573,16903,16100,6252752,16100,0,3125573,0,0,15845,25167909942,3.14.7,off,
app,5,106,asyncio-proto-app,thread,2,13,0,0,ok,128947.54,20.02,2581268,3.05,3.2,3.29,6.31,3.1,14.02,0,0,38.73221216041397,0.0,54.84044701763835,0.0,98.53300733496333,,,,,,,,,,,50330307216,3.14.7,off,
app,5,107,uringpy-app,thread,2,13,0,0,ok,199104.16,20.1,4002020,1.94,2.21,2.3,2.43,2.01,21.65,0,0,49.865591397849464,0.0,57.677220509946764,0.0,98.09941520467837,5015849,56576,55773,10033304,55773,0,5015849,0,0,5015849,50561573677,3.14.7,off,
app,5,108,asyncio-app,process,4,13,0,0,ok,152658.88,20.1,3068452,2.6,2.88,3.0,3.16,2.6,16.6,0,0,43.358213884668736,0.0,97.31874473968979,0.0,98.02884615384616,,,,,,,,,,,100834944554,3.14.7,off,
app,5,109,uringpy-app,process,2,13,0,0,ok,205371.48,20.1,4127902,1.92,1.99,2.06,2.2,1.92,22.33,0,0,48.78945366966663,0.0,58.97947548460662,0.0,98.3933787731256,5109272,57361,56558,10220150,56556,0,5109272,0,0,5109272,50323992675,3.14.7,off,
app,5,110,asyncio-proto-app,thread,1,13,0,0,ok,79229.63,20.02,1586245,4.95,5.0,5.05,9.89,5.11,8.61,0,0,21.06079204082951,0.0,27.545709328706792,0.0,98.14180929095355,,,,,,,,,,,25236567000,3.14.7,off,
app,5,111,uringpy-app,thread,4,13,0,0,ok,290366.01,20.1,5836392,1.3,1.54,1.7,1.9,1.34,31.57,0,0,66.34939134939135,0.0,97.10162357185808,0.0,97.9326923076923,7307705,165573,164770,14617016,164770,0,7307705,0,0,7307705,100601725587,3.14.7,off,
app,5,112,uringpy-app-batch,process,2,13,0,0,ok,213371.31,20.1,4288790,1.59,2.3,2.42,2.56,1.85,23.2,0,0,49.32551689359556,0.0,59.686691578039664,0.0,98.10034096444228,5323400,60774,59971,10648406,59969,0,5323400,0,0,58285,50517606957,3.14.7,off,
app,5,113,uringpy-app-batch,process,4,13,0,0,ok,296421.81,20.1,5958046,1.31,1.4,1.5,1.7,1.31,32.23,0,0,68.31320657759507,0.0,98.07457957592005,0.0,98.39181286549707,7462927,166490,165687,14927460,165683,0,7462927,0,0,159437,100653376732,3.14.7,off,
app,5,114,uringpy-app,process,1,13,0,0,ok,127604.14,20.01,2553803,3.12,3.17,3.22,3.36,3.44,13.87,0,0,32.13501474371039,0.0,29.1135695280773,0.0,98.18982387475538,3183866,18128,17325,6369338,17324,0,3183866,0,0,3183866,25197844724,3.14.7,off,
app,5,115,uringpy-app,thread,1,13,0,0,ok,125175.02,20.02,2506210,3.16,3.21,3.26,3.41,3.26,13.61,0,0,32.583126708627375,0.0,29.040368766587513,0.0,98.48262359275576,3105697,16844,16041,6213000,16041,0,3105697,0,0,3105697,25163073962,3.14.7,off,
app,5,116,uringpy-app-batch,thread,4,13,0,0,ok,292070.78,20.1,5870648,1.3,1.48,1.63,1.92,1.32,31.75,0,0,71.0923623445826,0.0,97.13632535194321,0.0,98.0269489894129,7354447,172391,171588,14710500,171588,0,7354447,0,0,162708,100544154237,3.14.7,off,
app,5,117,asyncio-app,thread,2,13,0,0,ok,96784.14,20.1,1945332,4.16,4.57,4.66,4.87,4.46,10.52,0,0,30.416078078849363,0.0,53.6947105919412,0.0,98.49001461276181,,,,,,,,,,,50525591692,3.14.7,off,
app,5,118,asyncio-proto-app,process,2,13,0,0,ok,133165.34,20.1,2676634,2.88,3.05,3.14,6.01,2.98,14.48,0,0,41.76489533011272,0.0,55.14547413793103,0.0,98.44130540672187,,,,,,,,,,,50468029475,3.14.7,off,
app,5,119,asyncio-proto-app,thread,4,13,0,0,ok,197750.57,20.1,3974821,2.02,2.24,2.42,4.45,2.02,21.5,0,0,55.244526025960404,0.0,98.28216374269006,0.0,98.5372988785958,,,,,,,,,,,100762276400,3.14.7,off,
app,5,120,asyncio-proto-app,process,4,13,0,0,ok,202975.17,20.1,4079801,1.84,1.95,2.1,3.9,1.96,22.07,0,0,57.66534391534392,0.0,98.06475170399221,0.0,98.49001461276181,,,,,,,,,,,100513263928,3.14.7,off,
